client_id	path	sentence_id	sentence	sentence_domain	up_votes	down_votes	age	gender	accents	variant	locale	segment
031903093b6fa1aeb0a243843eb9ed57baf6e99d1f8f9217aa554c3550868611a39ef44a7a3ae1f8bba0960d7133ce30fff132efc9d8d1c79062405b6999f9c3	common_voice_en_41383256.mp3	f19a785911b1a3b1338e3eb5cc785e58b8381d21ec7c337d9070ef26dafa10d6	The outer rim has undergone some erosion due to subsequent impacts.		2	0					en	
058fe5b1170aa09ef3f1092b179384639bc46ac53c16753f3305b3242579ec99a0edf459e177cc415fd00be4f34f08a99cf670b90077a0622f5c4a71423f7eea	common_voice_en_41823983.mp3	f50360e1be367d8155b3c8340f0b3d38d1e6701df79dc569ac62d9a2af98a4b7	For purposes of this definition, the intent may be conditional.		3	0	fifties	female_feminine	United States English,Washington State		en	
08190396a5c298331813531d1a832b56d8ffe44aaedcb74d1e99a06de8d2c136224a6c64eb69e59d89c8d2d32c7c0b33508a6eca88ffadfea7238a3caffbd925	common_voice_en_41881685.mp3	f4f3a5714cc36a9abbabf78a33feb4a9c368005f1f4bf555bd2047c39d089062	Bennett was educated at Lawnswood High School, Leeds, and Hertford College, Oxford.		2	0	fourties	female_feminine	United States English,southern draw		en	
14698ee63cabe08b43f0faa93304202d1e6ffeaa2cdf8659d41413ab04292bfe1c0e122d55215c3b6279bf4e851f71c490c562b65733ca3084e7292a05d74d4e	common_voice_en_41799514.mp3	f4d04f6e48777c3ad180c629858a19fdfa4cb875d2bb2220a9846e4a09f7d63f	These rules became known as Admiral-Lord Mountevans rules.		2	0	twenties		Japan English		en	
28d8f8a88afad9eb9e5b36ee84bd4c5ba84137310da15f1e4517a068158f65b486e1f07a83241b45e1c571f94a8603750b9cff4e58968b6b10e636739a977561	common_voice_en_41552032.mp3	f262ed293fa5fe0986d1e7a80b5bbae11205f8089a18571ca7d31ee698d7cee3	The grouping traditionally called apes is bracketed from the right.		2	0			Canadian English,English Hungarian		en	
29f0a09db1abdd5ad550cc754834822748ab17043e7b51953132a885d24bb63a49b770e6e7c92d6a42c1f8339bea99cb5b796f877b339b73bf3ac54e26f57c02	common_voice_en_41827319.mp3	f506be20f56b00999c323469c384114e27bb5fa0372d0e4ab1da62fc49534e56	The track "Coca Leaf" is made up of vocal samples of singing women.		2	0					en	
302b51de89ba0e815cce38bba05ee858e556375d19c74554175b32c2f93dc57bc44d0a3c15bf844eea5cd752b97c28fee9b2310029276363f9eabc67eb0c9cca	common_voice_en_41526838.mp3	f21bd922ee542930c8c3914edad64557f31004a22a80a1d7c65c8c37eb73625d	He also taught at the same university.		4	0	sixties	female_feminine	United States English		en	
31a787d9d9c7203d20fbd2b9590c92dda91ef69e2b36f749d589a33bebef59931f3c02d0e1124ff66276f744c33999a5c30fb4b7e9b991c3dacb02af2b26b088	common_voice_en_41435787.mp3	f1b86bcf63efc1b0117b5587f8803741a5a6917ab4442119851bfc0b50576fa0	Most "Naruto" video games have been released only in Japan.		3	0					en	
40ef8f7ec5e58f2ba7b9c934cf57ae928bae5b13662b8fa5c1fa6eebc2718a028a0eb34ca4663e039f2136baec5ad995c541fc2deb0a5d280b2989a07019ae05	common_voice_en_41633128.mp3	f2d2020fe97305b41d4c626ee2963f0984e255e5599105d8ceed805142d0b57d	Bold denotes players currently active in international football.		2	0	thirties	female_feminine	United States English		en	
4af8321a13399a2662bef236a736ad5329cb2edfe01eee6139e16dae251187927114c436300c09c6cca0fcf7bab73246ad76f59d6d3ff9c0fd55b31f98b42fad	common_voice_en_41586424.mp3	f2872bf6e9d312de78bdcc664bc348936d9039966c410411887feede4b61291e	At South Side, Greer was an all state selection in both football and track.		2	0	fifties	female_feminine	United States English		en	
515c2e9437d5ad6f008df7a30cb7ee80a7d0c6dbd9773c470b92040002cdd3e38108a54ff12427b89fb047d76646cd1444feebf03b0be610413c6e371674c583	common_voice_en_41489529.mp3	f207e89ddc1accd8501a97aa74b2a84d5335e0bb12ccfca9df00a44a259bc04f	Riley and Buffy pursue in his car.		2	0					en	
67014914955d4494556e3cec055c61a514f9186710a33a23259f29be421e3a295491763a6b5228882c1402cef313336de72bac5457e30160527a96b5ed2ac57a	common_voice_en_41469700.mp3	f1e3f86158965c0d1f78f1d7ba3126786e71c13f4afec7a41148d5d075c5d67b	The combined company was later renamed Kimball International.		3	0	twenties		England English,Kent		en	
68caafdf147c42aa78002abb9c2ac5b61f36b8c8ec4773aea7f74ef7e703458d18f483b9a6d8ece6fa16789d838b6b9affc9a0ae2b79cbf83d3cd50fc2ee58d2	common_voice_en_41517336.mp3	f21b6169e031dd733e2c776299331fefc5f1f60e41078ed16a7487b159746318	It also features puzzles and platforming elements.		3	0	twenties	male_masculine	England English		en	
6da9756d4204bb74066058635049a0c9c47c9853e59c846db9bf86b0d142a2694facb06d3c586c20333481a27bcb58c79c9e204ccff56e735280de17ca670474	common_voice_en_41423014.mp3	f1b417e7fd73c9c4a568bac48cf87baf7fdc2391b5341b56611f0264dbd39e40	It has three platforms.		4	0	thirties	male_masculine	India and South Asia (India, Pakistan, Sri Lanka),South India,Kannadiga		en	
734c1509d42f00dd14488487f61b28e0a4f984d2fa8b009bf418c2caa77c565f16c29a43ff650ba6799485be42d0a33d9c890389d0ed7872b9ca0d7df6bcc9b1	common_voice_en_41518962.mp3	f218a86f58aee8fd1587ddf63c4b564362f91623d636e2b3912a291642c2407e	After graduation, she became the administrator of Western's French Immersion School.		2	0					en	
7408f3fa5ec1af37c7cf14447f2a5db945abc62d8852f64bf30b5183d5d51146280238941ef2f0eaf9216fd7ed10aa46155e8dae9e56449832dbcb602ede2ac9	common_voice_en_41592181.mp3	f298fa37af6b4b6a93a54f1bf76ca2987bb02b93b10cd629d70f5eca3acf10dd	It airs in North America via Dish Network.		2	0	twenties				en	
82a6c14471060075e137afa9eb02801489110159abb91cf52d8e95a364e65dcb9d582c4d1162b61483cdf03a05462a83ef657a240f0667aee40a0b65dfa9b0c5	common_voice_en_41532689.mp3	f22e8a3fee85ed8a086563833992d850c765cbf09998f55f7ba561fb81e3ceb7	Instead of signing artists, he makes one-time deals to release their songs as singles.		2	0	seventies		chicago italian		en	
8f60eb853e080cfdfcba96ff286581d15d90a5cf6689f57bbb582696a5697f359d7d601a32a1069bdce4fe46f6d2a5fda158420695a8d8f11779ebf23d4b5e86	common_voice_en_41503591.mp3	f20f6f7d4ec96ed5939d9c6d40cb80edaf55b9eefb656e754f77e2df3992204d	After this the town was rebuilt and simply referred to as 'Wells'.		2	0			United States English,Chicago/Midwestern		en	
91b2d037e0ffc1d19057115defea1096ea8f2dce3242a110b4f8bcd0d902efff0a8452fc1e466e0663fe2159d7966a6ae1a86e9da4e61b38725f9e9bd4bb7da8	common_voice_en_41816931.mp3	f4f6e1f4361feb9fe266e02387a5b0a6085c4b284bf148d27ee26d9f7927a3eb	That was enough for a conflict.		2	0	twenties	female_feminine	United States English		en	
95eb234ccf3ef5e1cbb96468a6030aee658bcec21bf42d364463e769fcb42112f773b6fc6b1211c62e5f425125899d0b15f43fc6695381c07e0b39e4fb79015c	common_voice_en_41267069.mp3	f1438034e595d6dc628daf0a2c2612c4f499639d7c504824c68b39f4a7427634	In Korea, carnations express admiration, love and gratitude.		2	0			Southern African (South Africa, Zimbabwe, Namibia)		en	
9bc726e71173f54d3e16550b050e0cdf7a6a270050f32fd9a1133f8294b83385930743acc00246eb46fbd41cda2358d16bb6ceb1333ee45895893a44ccbd17e8	common_voice_en_41659267.mp3	f31c044c692e88562624eb3f76b908b5ac95008d147faada29ea40ff6c71d602	Naval Academy in Annapolis.		2	0	twenties	female_feminine	England English		en	
9c27ccc496018c7530e98afeea342b7ae058687d291e48be42943e431ad1fbec5e74cf6ac6d5b003c21918e65d9789fde3c87bdb5e02f6cf6e247390e69c5b5a	common_voice_en_41629760.mp3	f2cee03c22817494a168cea0206d9bf520252a68c2966163da0a191a38a5e41d	It also likes flower nectar, fruit and some seeds.		2	0	twenties		India and South Asia (India, Pakistan, Sri Lanka)		en	
a97730f86fa90560ae105669364412a9ad393b32839d0151236604af188212aab60bf5168a7975fdd0a448dd3131543f5c0032e737a7164b41e9d9d85ffd6660	common_voice_en_41674821.mp3	f34fd236b64b5770d6fe34ba703e1af2ff201ef2103a838f07b94f5b63cd2983	After graduation he served with the royal Prussian geological institute, making photographic surveys.		2	0	sixties	male_masculine	Filipino		en	
a9b228677824e2108c5976190079c922caca2e41ee76ab6dc07e33f8aac716a45871ecbfb2bedd7258e4a8eea65641d392cdd70aff5877da62ba0770517691e8	common_voice_en_41577054.mp3	f2762ca80998a288eca8beb2bbb3c7cf144b2ddfeebaf77722271f20577d2b7f	He worked as a builder and was later employed at Heathrow Airport.		2	0	fourties		French speaking english		en	
b1f965d3f8b077c18c2bc57fe1a0c94f2b1fb4409ed9a4ce72b4d4af398dca33337bf19d5d71b3dc0c552d2831094bab9eb5b54f67b080124dad99f6990bd934	common_voice_en_41583225.mp3	f276dc08396acba91e2d79a9842df03100ee1612b43cc631aa6db6216da22908	It has also been proposed as a possible explanation for claims associated with stigmata.		2	0					en	
b25f4659c07bf163476a79dcbd51dc9132e0cd0fef79ae100af6385b4fb95be6e5f262ac5846f75feaa44aa1dbcbacd3bfdbb1a4cb2d73658c955ea8de03986e	common_voice_en_41662681.mp3	f32e37ad895c140297c980c56da3d7f8d1371f016ef6d26e5f1c4bfb1f4261dc	He later attended the University of Maryland.		2	0	twenties		Korean		en	
b85c2ed40dd148508b30c1af6856a9e93b4fde6bf92a12856e0105f8f3c3d3cc5623b56528e177093105bd0d03960f7893356f013961d7a3697673e7b72734e6	common_voice_en_41486401.mp3	f20576799fe8d2657e110f0f8a568970af7a36e078d5f035bac24e626cd3b9ac	Cuttings are slow to strike roots.		2	0	fourties	female_feminine	Israeli English		en	
b87dd0680063cbd3dc57f5b9b20c14f020f511c3f18467d52e816db909dbe2be05b8ea36a4bca91179503817a1b093a9e6036abb514c6ad1aaf1ffa71b3d32ce	common_voice_en_41503529.mp3	f1c4725928c0980b1f3775fb3f02902f799df35b6b6abbb71b4e953fb803694b	The undergraduate program in theological studies provides an overall view of the Christian Mystery.		2	0	thirties	male_masculine	Canadian English		en	
be562bcc891e1fa7ee8a67c29b4689f69df3e959b7c70c2e854503100e18b68f9c1337eea1e1048b1c63217d38a8a9fdcc078fb31c429bfe52da99957cd1c547	common_voice_en_41678018.mp3	f3767b297d40abe24caf4df439192a41f4b33f693c143beeba6853f8a167ad42	Balangiga can be reached through public utility vans and buses from Tacloban City.		2	0	thirties		United States English		en	
c11c6a41ef7c65608d8cd94bb24cc22ec2047f9de5cc90fb7c61ec5d97716722d8fde61c268e6af364ade0eba84fdd8d4de82bbce05b1860b901908ceeab595d	common_voice_en_41548292.mp3	f25528d6ed17d0bcb7e83ec39c800e3fa2a9d6035c46c973b74a7fed9a2b6f62	The old comedy was awkward and poor in its versification.		2	0			British with slightly Brazilian accent,British and slightly Brazilian 		en	
d7154e30db444d399d2fee0b98f6f75b635b5486efc1df3d56c188c3d079db76c0547e8eb16d51254f1fd4fdeaa5565f1d177132fa14c5bc51d1fdb6820d8637	common_voice_en_41680077.mp3	f380481a3497ee3512f4f5af8c65fdf8698bba5acdf7b03a0f324ae099c34c77	Considered a "Shining Star" of the Core Worlds.		2	0			United States English		en	
d909ce11d92c84a5685fa7a64dde65efd177f19a43bfd1d85fcd732a5fb5f06b2a0550382be8beb9074455ba0002ab59fb7adce226d44c817eab09d8906a2ead	common_voice_en_41798570.mp3	f49fc027beac7d58ca23411c418a7db1f83480b4c2990ae06d134aed71a9f709	A win earns a two-year exemption for most events.		2	0	fourties		Canadian English		en	
db6c597505531c2453405b6c0214815b43deae4f9fd0b6ea45a579a83ea02d471b38780160a837c324cb16a26ad6b3693aa4e84a8994d613aeb8dc3ceaec3531	common_voice_en_41295264.mp3	f181328859fa334efc269bad2180ce418f4a21d4f1f95bfa1bffe1204ca32091	These may also be forgeries to conceal identities.		2	0					en	
def4e36fe7701d7e62a364deaae15fc3c6212f41549b57631d5a969c3f8d63e231943444b739fdb3462bca10e5e93623678678c6430189c5dec65f2b9d1d9a75	common_voice_en_41645566.mp3	f2ec6c3ede9cee02e7eeef7624edec28c81fd0b14db1c65e4e52d76f087f78f0	Moore lives in Toronto.		2	0			Californian Accent		en	
e517e2250f45bf001b3d522af1430e3c07042b2576836bf506eed99217840c8a94cde9d02de3e8f7929ebfa0ea24580524124f66cec28148aa2b94a742193868	common_voice_en_41284140.mp3	f175021af6d1329648f4eccb93fabefcebc4008f5deafea6af18d6948f4ca5af	In Lao, represents a doubled word.		2	0	teens		India and South Asia (India, Pakistan, Sri Lanka)		en	
e8d5a21eb993aa8f54c6c8532536028cf29f16b953b7ba5bc110e057bbbd52bc3b04882d82ffd9ddbf33fc291f567f8a9d87539cea6d93e967b9ff95d3f9a20e	common_voice_en_41550758.mp3	f263f6c53d77cb42c5a389f02a03385faa9e15db838cb144f27000bd86e89426	Many of the illustrations he created for the magazine depict characters seen the film.		2	0	twenties				en	
f5b6b0249fea41111094edd9c17830ecb849c8e4235bd7924936b45e6a3bee2d163a2cea30df6724da1d1301ffcba33faf4910e3450150cca33e8df9135eacf3	common_voice_en_41543184.mp3	f24fa10faab43cefaaef6c57262dc3334ec286382c11625bd4a6853e2df6ee7c	You just didn't bother saying 'this sucks' anymore.		2	0					en	
f5fcfa6074c84b80204d44cf03eb3d801aff5bb98d1de0da315a4d6df28a806cd0ae65addd519f9a698be8b8d75608bcc78c33df5293476dc77ad5c022e9ad25	common_voice_en_41693119.mp3	f38f5ef3e81ed9adf7d7f01304f48539efe8d2577c7fd38fa21a057c4bc18d85	Its headquarters are in the town of Damaturu, the State capital.		2	0			United States English		en	
189783b447bc8e818018f280757764b62b55a873959decd86fc449f80ef5e649e293363deb7bf5ffa347857e38cbb888fbae507b4a6098bc2a71fd6b051a0d7a	common_voice_en_41796793.mp3	f4955b5d8cd85592d71e8edeacdf68ff3e0c4f28513027b88f02bb021a052da7	This is a hard one because I don't really believe in god		2	0	twenties		United States English		en	
189783b447bc8e818018f280757764b62b55a873959decd86fc449f80ef5e649e293363deb7bf5ffa347857e38cbb888fbae507b4a6098bc2a71fd6b051a0d7a	common_voice_en_41798305.mp3	f48fd82bfaaba2f373c9aecf1af9cc37dfa3f39f4ba547eb7796c6fbecd2db9f	The rank has a rather confusing history.		2	0	twenties		United States English		en	
2b9dd180076f5f62e1a988dd5f329078c215799cf7f645506ab35b0960dd357caa1999ee9162203a1ffaf07a5652e1ba7cb77a806aac55630310a188b82fdac6	common_voice_en_41731588.mp3	02ca4a6a1c34d56319732d3994d90b0324263a16a2aeb21cb71c2b0df21fd3e4	He experienced weightlessness and saw the curvature of the Earth.		4	0	twenties	non-binary	United States English,German,Russian		en	
2b9dd180076f5f62e1a988dd5f329078c215799cf7f645506ab35b0960dd357caa1999ee9162203a1ffaf07a5652e1ba7cb77a806aac55630310a188b82fdac6	common_voice_en_41735538.mp3	f41f407e9180d84c1d3a67b2d8260944db7e51d95b175724d4adedccf538c971	Holmes versus Cooney was refereed by Mills Lane.		4	0	twenties	non-binary	United States English,German,Russian		en	
37ba73d716db821a59371c40fd96999f1aa396b06e585e3273b64f1fea9b65f8df6988d6386aee11072185034cf6849f26918d0cf2b937752b94332e1417387f	common_voice_en_41307772.mp3	f100e2f6fa357ca42dcd75e2440bc469ab017231716edcebc9a4f556459c14c0	It is a freeway for its entire length.		2	0	twenties	transgender	United States English		en	
37ba73d716db821a59371c40fd96999f1aa396b06e585e3273b64f1fea9b65f8df6988d6386aee11072185034cf6849f26918d0cf2b937752b94332e1417387f	common_voice_en_41307806.mp3	f10a6c4a127738935f1de9720d222bb9e75ef446f8fc5f680d4cf8cc034d277a	This group became legendary in the dance world.		2	0	twenties	transgender	United States English		en	
57318e13e2bd9657c5679c65662b57d8eeb1195e304bbcdf6c7f86448286a937ed698ae7d7ed1d1ad5681e3e3f91f7ae8634c9dfabc7b144f0599c2b12cc526c	common_voice_en_41547685.mp3	f2424e0dd4d65b6a01c169204e315143a1b5c4c2b4e1c0bd38940bc87b5b5967	The mountains separate Luzon's central plain from the South China Sea.		2	0	twenties	non-binary	United States English		en	
57318e13e2bd9657c5679c65662b57d8eeb1195e304bbcdf6c7f86448286a937ed698ae7d7ed1d1ad5681e3e3f91f7ae8634c9dfabc7b144f0599c2b12cc526c	common_voice_en_41547689.mp3	f242382aff13c9c2d837d5957c218f6eb1fc55450ff4e6450d2dc9560486bf50	Fundamental justice was thus seen as having been violated.		2	0	twenties	non-binary	United States English		en	
695e9e1949e9949ceaa051b7eb80f646e4d0412acf2491304b3812a844837c8a1ec9de31a60952a536f5ad3914c11679ac842e3a723b527acdcfe958c1e8824d	common_voice_en_41587501.mp3	f281a6d111c703a48558a812768a2145e5104a82bf5d200d24cc711cdf36f225	A mosque is situated inside Sitio Bolangan on the outskirts of the city.		2	0	fifties	female_feminine	England English		en	
695e9e1949e9949ceaa051b7eb80f646e4d0412acf2491304b3812a844837c8a1ec9de31a60952a536f5ad3914c11679ac842e3a723b527acdcfe958c1e8824d	common_voice_en_41654965.mp3	f313a4673cbad32c2c1287e371a5a64fd8ffe8179c2ebfaaf092def08d2a2ccf	The river bearing this name was renamed Pagan River.		2	0	fifties	female_feminine	England English		en	
7cc582846b78ad7c05670b0e99055098042e6fbec4fb0dd3348189321d6f5277d1122bacf2da3a2b355260eaf1adef12700a4d19f96a1bc73dc27dd42aa44e36	common_voice_en_41684833.mp3	f39cb08097c9c7dbd10d3bc4902fb412c0540a8245ae4705613fe31550cf92a3	A similar example is Charlotte Perkins Gilman's story "The Yellow Wallpaper".		2	0			United States English		en	
7cc582846b78ad7c05670b0e99055098042e6fbec4fb0dd3348189321d6f5277d1122bacf2da3a2b355260eaf1adef12700a4d19f96a1bc73dc27dd42aa44e36	common_voice_en_41685590.mp3	f3aa6d538ea47f92a3ad06893e2805f5cc4ad9404e56d7470603b8d5ed094460	The establishment was commanded by an officer of the rank of Lieutenant Commander.		2	0	teens		United States English		en	
880ffe2c8beed6135f8a694e1df2b445896349198fa4f58fae9c885c99454451dcf5de2ccbe75a27677c0379e545cbb70aed6651e036f5b5e960415a5b46b54d	common_voice_en_41833893.mp3	f51f30b455d8ea3364bf328eefe10be1e6952c3818bc886111a18dfd5373191f	Application is usually performed by the patient.		2	0	twenties		India and South Asia (India, Pakistan, Sri Lanka)		en	
880ffe2c8beed6135f8a694e1df2b445896349198fa4f58fae9c885c99454451dcf5de2ccbe75a27677c0379e545cbb70aed6651e036f5b5e960415a5b46b54d	common_voice_en_41833909.mp3	f5179515356d743c14f7c44296534ac93c0889ec3c0239afbd763d02decf9d16	This would become Sultan Husayn Mirza's first mercenary force.		2	0	twenties		India and South Asia (India, Pakistan, Sri Lanka)		en	
8fd82c740e74e37fdbe2e6a61d13201a27ae051cefefe3b3ec2072ae32682b97c4e55cc69b4bfdac2cadeb1a6999c89e615369ff251d4bbb1de326e0cd8c7050	common_voice_en_41795315.mp3	f46dfd10b83179274af494f1d5a487d3a4eed9903d2a1855e6361c632ceadc3a	The rescue operation was affected by rain.		2	0	twenties		United States English		en	
8fd82c740e74e37fdbe2e6a61d13201a27ae051cefefe3b3ec2072ae32682b97c4e55cc69b4bfdac2cadeb1a6999c89e615369ff251d4bbb1de326e0cd8c7050	common_voice_en_41796378.mp3	f47e278d3c93864e440f468935e95ea101b2489e21bb04c794f641165c3a3c34	He attended Santa Monica High School.		2	0	twenties		United States English		en	
ae35e75f30225a20bb901a052db2d74dd3edde81a33eaeb3a5170543a320b28f54c520fe52c491b102cc9baea7059d728b0a70bc7368444854a7ecfe673ffdc3	common_voice_en_41692019.mp3	f3c505c4ace9b510e05816c2ff9571d365a4aae620528c762814c13dedd3c98f	Both men left everything they had in the ring.		3	0	twenties	female_feminine	United States English,learnt from Spanish		en	
ae35e75f30225a20bb901a052db2d74dd3edde81a33eaeb3a5170543a320b28f54c520fe52c491b102cc9baea7059d728b0a70bc7368444854a7ecfe673ffdc3	common_voice_en_41692025.mp3	f3cd28cb9d26c0bc6d11cadf1fc474bc129974f073aa00b715b9fe97ce57671c	Falls automatically incur a deduction depending on the level the gymnast is on.		3	0	twenties	female_feminine	United States English,learnt from Spanish		en	
cd386528cda75dadf16710c0e96351eed0c06204052278627df8711787f18b9ab585647604c0bc36f9d42a3ce860c82e2311c3923e2138065ae2b9cc1788499f	common_voice_en_41539028.mp3	f24b4bfee3bb5d79bb73995ed86d62f7fd49be43d3c5bd7cab2956cf19952a32	He painted in the same chapel a picture of the Last Judgment.		3	0			United States English		en	
cd386528cda75dadf16710c0e96351eed0c06204052278627df8711787f18b9ab585647604c0bc36f9d42a3ce860c82e2311c3923e2138065ae2b9cc1788499f	common_voice_en_41539144.mp3	f22af84698ec7cb137ac25cc54b7907525ceea06d555a7d71759ac43e5a412f8	Barbour attended school until she was fourteen years old.		2	0	fifties	male_masculine	United States English		en	
ed5ad588b8b1d74da4b8c3e4ec213faf9016928a1362bedbec2873f0ada7ef88784f0a6ec713dcacfdfc57d9b21a0f45379f5f1e07be7bb59c22ecbe8f797460	common_voice_en_41669299.mp3	f35c5cfc86a36e441343d7a1ddd9edceb6d2a70bb94e6f1e15e86d1d1dff6b7a	There are two organisations supporting people undertaking the journey.		2	0	twenties		United States English		en	
ed5ad588b8b1d74da4b8c3e4ec213faf9016928a1362bedbec2873f0ada7ef88784f0a6ec713dcacfdfc57d9b21a0f45379f5f1e07be7bb59c22ecbe8f797460	common_voice_en_41669390.mp3	f35a7ea5ec4bd7585526c36ead7d8d7640f5e4ea7ad7b89984e77a0ccce10cba	The team split later in the season.		2	0	twenties		United States English		en	
1cb0b7a6a80f8d756a0915c56fd896ef1ae0f2085acccaea1570b8f86a8dc31ce7167666e32bcf1d80946eabc749f4ef226b3215ddb44a51a14e300693972166	common_voice_en_41465981.mp3	f1af0bbb9f21b40ca385a40cb51a1de460e49687dffc313989a888b081bb045f	His sister married John Darley, bishop of Kilmore, Elphin, and Ardagh.		2	0			geordie ,England Northern		en	
1cb0b7a6a80f8d756a0915c56fd896ef1ae0f2085acccaea1570b8f86a8dc31ce7167666e32bcf1d80946eabc749f4ef226b3215ddb44a51a14e300693972166	common_voice_en_41466012.mp3	f194647da54deeeb08c40400d50e1d5ad31f6bc51085cf65d1dc6e28bc9c07b2	They went home laden with souvenir gifts and expensive paintings.		2	0	fourties		geordie ,England Northern		en	
1cb0b7a6a80f8d756a0915c56fd896ef1ae0f2085acccaea1570b8f86a8dc31ce7167666e32bcf1d80946eabc749f4ef226b3215ddb44a51a14e300693972166	common_voice_en_41466013.mp3	f1e6b2a8e2b96927051ef7a020d22a64476a3ca1426b80b68a635910bb5be0cb	It is billed as an anti-consumer lifestyle.		2	0	fourties		geordie ,England Northern		en	
267b12603b4a5838632aa3bc4a2930b6602d6678d1ba8299efaae920342ad7835b149ade0f43a90a3f56750c298807eba0eb6fbbb068a349bbe0459f4da50bda	common_voice_en_41644631.mp3	f2d3ce5bde50abd58c79e1895732f2beedcba27f77dbc4a373d8672be185ffef	It was the central supply centre for railway construction.		3	0	twenties		United States English,Malaysian English		en	
267b12603b4a5838632aa3bc4a2930b6602d6678d1ba8299efaae920342ad7835b149ade0f43a90a3f56750c298807eba0eb6fbbb068a349bbe0459f4da50bda	common_voice_en_41647486.mp3	f2ec045b4d4cc3a170a46d5a59e4d312bf6869879224477f6898ac9205954cdd	He appealed and was subsequently given a suspended sentence and fine.		3	0	twenties		United States English,Malaysian English		en	
267b12603b4a5838632aa3bc4a2930b6602d6678d1ba8299efaae920342ad7835b149ade0f43a90a3f56750c298807eba0eb6fbbb068a349bbe0459f4da50bda	common_voice_en_41647490.mp3	f2f32c3343523f34a33941d354deee53e21e2077bc990e57efc85a9214756e9a	Child and Preston's books are notable for their thorough research.		3	0	twenties		United States English,Malaysian English		en	
4b2a29000598be0c211bece71a56c1e8cc56786cef39b9e6abe0223b30b171df7afb5c13cb4bc041fa52b2f87b365fa909395ad045c872a272eebfb2d8fac8c9	common_voice_en_41746094.mp3	f437aed500c9931c461584594420ceac395923c352a3682a1f77b20b5e5d5d9f	This was a calculated killing done in cold blood.		2	0	twenties		United States English		en	
4b2a29000598be0c211bece71a56c1e8cc56786cef39b9e6abe0223b30b171df7afb5c13cb4bc041fa52b2f87b365fa909395ad045c872a272eebfb2d8fac8c9	common_voice_en_41746309.mp3	f43b6053d07a485f73dd52c317ca43aee260541b40e0e6b3c9a4410f6ba140a0	The Division command structure became a Special Service Brigade command.		2	0	twenties		United States English		en	
4b2a29000598be0c211bece71a56c1e8cc56786cef39b9e6abe0223b30b171df7afb5c13cb4bc041fa52b2f87b365fa909395ad045c872a272eebfb2d8fac8c9	common_voice_en_41748220.mp3	f43bc42a3dd9e5b8ebb1f0a904d988d92d4179b946d5b5a4baaac116cd1b9dc5	A number are important parasites.		2	0	twenties		United States English		en	
648b7fbb4d117a384a8375b36b2358dad00d6bc7e951dc5122221b619a23725a829a7e44db82c97b06df0fa0c377df74b7ba758f0026215e1092ee952f0895a1	common_voice_en_41475404.mp3	f1f53c23b8dac52098b9f5e7d571942d040cd8f723bd758ac0fbdebce6bdf41f	Her keel was laid at the Portsmouth Navy Yard.		2	0			United States English		en	
648b7fbb4d117a384a8375b36b2358dad00d6bc7e951dc5122221b619a23725a829a7e44db82c97b06df0fa0c377df74b7ba758f0026215e1092ee952f0895a1	common_voice_en_41475405.mp3	f1f25ec309ec8dcbfac0fbbcac599baf583ee2756a4e781a18584e3c22af6c0f	He managed to steal a gun and shoot one German, injuring him.		2	0			United States English		en	
648b7fbb4d117a384a8375b36b2358dad00d6bc7e951dc5122221b619a23725a829a7e44db82c97b06df0fa0c377df74b7ba758f0026215e1092ee952f0895a1	common_voice_en_41632678.mp3	f2c7dbd24e73f0f6b2d7632e4803b672d0c4c128ab0a1e09d4bb640c813276a3	The band produced it themselves.		2	0	thirties		United States English		en	
02961ec694b2819dd45309e7ddb4b1d3cc553313ba332b42416fd6c60e6b0ca57b1cc6a587a13f80fb134ca4d4d9abfe58111459173b92dfc2c1c111d160ea10	common_voice_en_41474829.mp3	f1ead5a155eb07fed870332cf406aeae35fa6dbbd7a4292e7e910dc8b0c8b17c	Metrorail's Orange Line now closely follows this line's former route.		2	0	thirties	male_masculine	England English		en	
02961ec694b2819dd45309e7ddb4b1d3cc553313ba332b42416fd6c60e6b0ca57b1cc6a587a13f80fb134ca4d4d9abfe58111459173b92dfc2c1c111d160ea10	common_voice_en_41474834.mp3	f1f4fb21e143af8d5d9c0c54eca0caaa5b4fb69235d8612a62d65b546e64c4f7	The composer never married, and no names of lovers are recorded.		2	0	thirties	male_masculine	England English		en	
02961ec694b2819dd45309e7ddb4b1d3cc553313ba332b42416fd6c60e6b0ca57b1cc6a587a13f80fb134ca4d4d9abfe58111459173b92dfc2c1c111d160ea10	common_voice_en_41474836.mp3	f1f896917955e69fb91988836296c674677a79a448b4e7af7881edf3cd19098e	Explain the term "blue box".		2	0	thirties	male_masculine	England English		en	
02961ec694b2819dd45309e7ddb4b1d3cc553313ba332b42416fd6c60e6b0ca57b1cc6a587a13f80fb134ca4d4d9abfe58111459173b92dfc2c1c111d160ea10	common_voice_en_41474838.mp3	f1f458c791e151fa76db76d5c1975e6a582afe580088b187bc4f25832b223ce8	The light sculpture on the Rheinturm is the largest digital clock in the world.		2	0	thirties	male_masculine	England English		en	
6c21e562dfbe277645d6a1ee4b6db56bd8869f7dffc51f2f77b3c0f650274813c3f96395c2e83d4a4f5759f5798b422f6386dbb6a9c5528d05021572809cd1a5	common_voice_en_41795709.mp3	f4775b537c4c05e7283b717170dbb3dbe3ba81b0ef7f1a22f7d479c1193432b1	Austria qualified one male open water swimmer.		2	0	twenties		England English		en	
6c21e562dfbe277645d6a1ee4b6db56bd8869f7dffc51f2f77b3c0f650274813c3f96395c2e83d4a4f5759f5798b422f6386dbb6a9c5528d05021572809cd1a5	common_voice_en_41795905.mp3	f4676bf6c74de65b3ba37ad86d6407568d112bb6f957d36ecc3122f3c811d07a	When used correctly, a fairly high degree of precision can be achieved.		2	0	twenties		England English		en	
6c21e562dfbe277645d6a1ee4b6db56bd8869f7dffc51f2f77b3c0f650274813c3f96395c2e83d4a4f5759f5798b422f6386dbb6a9c5528d05021572809cd1a5	common_voice_en_41796143.mp3	f489b87bebb8c1c6058ea447b4450fe9ae96b9b1e40cc0a594bf37585e776e5c	Museum of Old Monaco is installed on three levels.		4	0	twenties		England English		en	
6c21e562dfbe277645d6a1ee4b6db56bd8869f7dffc51f2f77b3c0f650274813c3f96395c2e83d4a4f5759f5798b422f6386dbb6a9c5528d05021572809cd1a5	common_voice_en_41796169.mp3	f4863cfb35ecadcbd38c18510cee7733bad975be321782ff3a675887b6b3ebee	It is strongly linked with County Mayo, Connacht.		2	0	twenties		England English		en	
a3bd5a1caa374142001a25bb15578a0ec0a44066fa996448a1c8aa70b44e78c9bfe75a58c36abbec6a7d3fcd314d900dd44bfb9eb27493a865c93e09cab6ed21	common_voice_en_41650651.mp3	f2f7758f0ba15156f9d73ffce358ee81877c8500eb7a9b6fe9d90e7a32e1846d	Particularly remarkable are those ostraca which contain liturgical songs.		2	0	twenties	female_feminine	Japanese English		en	
a3bd5a1caa374142001a25bb15578a0ec0a44066fa996448a1c8aa70b44e78c9bfe75a58c36abbec6a7d3fcd314d900dd44bfb9eb27493a865c93e09cab6ed21	common_voice_en_41650721.mp3	f2f8f9e21893337efa4ddf3b45e896d2f853fbb079ea62dededb68ef714d8eb4	There were bevel gears on the shaft.		2	0	twenties	female_feminine	Japanese English		en	
a3bd5a1caa374142001a25bb15578a0ec0a44066fa996448a1c8aa70b44e78c9bfe75a58c36abbec6a7d3fcd314d900dd44bfb9eb27493a865c93e09cab6ed21	common_voice_en_41650825.mp3	f2cb90cef47d5a3c3583a8fe8a3e733d9ab06e50da4610fc85081b9d6e805514	The majority of the station's programming is produced and broadcast from Nottingham.		2	0	twenties	female_feminine	Japanese English		en	
a3bd5a1caa374142001a25bb15578a0ec0a44066fa996448a1c8aa70b44e78c9bfe75a58c36abbec6a7d3fcd314d900dd44bfb9eb27493a865c93e09cab6ed21	common_voice_en_41650834.mp3	f30290c267e7fe949d3e2fc9ab3757c4863b00e45cdbe238286931774382cfa7	Mallet designs were popular in Hungary, too.		2	0	twenties	female_feminine	Japanese English		en	
057a083b43c6bffb19594cf7dd2b9ab2fe43730db03b67f24a445a472bcd2b59499f2bf2fa184cdaada04e592a29818291dee8f4ea86fe856d496c0823c16453	common_voice_en_41414853.mp3	f18469eb2bd3073791b410ea7f5a7c11551507df27b42cd45c674ec7d8f888dc	The seven human cases have all been infected only after contact with sick horses.		2	0	teens	female_feminine	United States English		en	
057a083b43c6bffb19594cf7dd2b9ab2fe43730db03b67f24a445a472bcd2b59499f2bf2fa184cdaada04e592a29818291dee8f4ea86fe856d496c0823c16453	common_voice_en_41414862.mp3	f1ae37a74bcbdacaf59996172ed63793b673ddc1c900665e4d848c6a9253b0ee	They soon recorded "For Girls Like You".		2	0	teens	female_feminine	United States English		en	
057a083b43c6bffb19594cf7dd2b9ab2fe43730db03b67f24a445a472bcd2b59499f2bf2fa184cdaada04e592a29818291dee8f4ea86fe856d496c0823c16453	common_voice_en_41414882.mp3	f1aa8e798898e4d7a14904a2cc2c860e23eda023ea85721a04b7771f2dc9dbba	They also received updated cab signaling systems.		2	0	teens	female_feminine	United States English		en	
057a083b43c6bffb19594cf7dd2b9ab2fe43730db03b67f24a445a472bcd2b59499f2bf2fa184cdaada04e592a29818291dee8f4ea86fe856d496c0823c16453	common_voice_en_41414884.mp3	f1b19e3ad79c12b39061f78e49e9d93886a95354feaa1d3de018a7672f7cd6cb	Notable regional programs have included "Switchback", and "Land and Sea".		2	0	teens	female_feminine	United States English		en	
057a083b43c6bffb19594cf7dd2b9ab2fe43730db03b67f24a445a472bcd2b59499f2bf2fa184cdaada04e592a29818291dee8f4ea86fe856d496c0823c16453	common_voice_en_41415275.mp3	f1a6dc43185c100270848a1fe1127fcb942be2723de83065bcc50990081ec115	In the two cases of a small orbit, the stabilizer is non-trivial.		2	0	teens	female_feminine	United States English		en	
057a083b43c6bffb19594cf7dd2b9ab2fe43730db03b67f24a445a472bcd2b59499f2bf2fa184cdaada04e592a29818291dee8f4ea86fe856d496c0823c16453	common_voice_en_41415276.mp3	f19c560574bc6e032e50b49424777526e4cafd5de2e077bf4bd1a5ff20778fc1	Johnson earned his third Pro Bowl berth that season.		2	0	teens	female_feminine	United States English		en	
29b8505586cd43382cd695da6b943f401104be710a5b60e814ac5fe7e06b39459cf8fe1701ca83f8154b3ccd749df7c2aef33ff23950bb1a135b1e1c393dbcf6	common_voice_en_41320212.mp3	f14b3486314fcfed5b3ac41dfd44da788be3a4a3484aee180ad3852d0a637d3e	Cable ends up shooting Hammer, paralyzing him.		2	0	fourties	female_feminine	Scottish English		en	
29b8505586cd43382cd695da6b943f401104be710a5b60e814ac5fe7e06b39459cf8fe1701ca83f8154b3ccd749df7c2aef33ff23950bb1a135b1e1c393dbcf6	common_voice_en_41388272.mp3	f1a84613f0b178ceb70593cd19ac2f6b1eacfd6f68c812be4ffce1a336485bbf	The boat was sinking and the crew was abandoning ship.		2	0	fourties	female_feminine	Scottish English		en	
29b8505586cd43382cd695da6b943f401104be710a5b60e814ac5fe7e06b39459cf8fe1701ca83f8154b3ccd749df7c2aef33ff23950bb1a135b1e1c393dbcf6	common_voice_en_41405074.mp3	f19f7873413ba7694359be15948b6469836abc957967c6673beb6e8368f596e4	She becomes his slave until she frees herself.		2	0	fourties	female_feminine	Scottish English		en	
29b8505586cd43382cd695da6b943f401104be710a5b60e814ac5fe7e06b39459cf8fe1701ca83f8154b3ccd749df7c2aef33ff23950bb1a135b1e1c393dbcf6	common_voice_en_41459660.mp3	f1dab372526da2bf79d74306f2cba6ee034d59c19f78e18d2742dec53c161c4a	One month before losing the title, his brother had been murdered.		2	0	fourties	female_feminine	Scottish English		en	
29b8505586cd43382cd695da6b943f401104be710a5b60e814ac5fe7e06b39459cf8fe1701ca83f8154b3ccd749df7c2aef33ff23950bb1a135b1e1c393dbcf6	common_voice_en_41515144.mp3	f1eaad8ae068bcf154b369f0affdc3cbce02e4d18386ecb77c6dfe601a502993	Hasselbach's parents were two Communist-party loyal journalists.		2	1	fourties	female_feminine	Scottish English		en	
29b8505586cd43382cd695da6b943f401104be710a5b60e814ac5fe7e06b39459cf8fe1701ca83f8154b3ccd749df7c2aef33ff23950bb1a135b1e1c393dbcf6	common_voice_en_41651891.mp3	f2b746282e1aab40b06ca62181b695c2469a18e9bf802a689b7c5ad3e9ccff35	Other towns within the commune include Basbellain, Drinklange, Hautbellain, Huldange, and Wilwerdange.		2	0	fourties	female_feminine	Scottish English		en	
eb515ef9801bcd6ccc94cad1efe9507a40b7831c47a7e4562240d1ebf3a287f07d1e5c71899b594d6a76b938a1345d7822ea8d96f6eb2c76f967f4a431a3fc84	common_voice_en_41485389.mp3	f1f22d70a02db39e6713227ee8a79eaa2dd752294b6e0e9cf7e0e97dad4f95d9	Additionally, the unit has been used in some unusual non-passenger workings.		2	0	fourties		United States English		en	
eb515ef9801bcd6ccc94cad1efe9507a40b7831c47a7e4562240d1ebf3a287f07d1e5c71899b594d6a76b938a1345d7822ea8d96f6eb2c76f967f4a431a3fc84	common_voice_en_41485411.mp3	f1f41688e3e9be209b3bfa1f7884817281ebbee1f6af34c1ee4118e39597c647	The Patientsâ€™ Welfare Committee gratefully acknowledged the league for the move.		2	0	fourties		United States English		en	
eb515ef9801bcd6ccc94cad1efe9507a40b7831c47a7e4562240d1ebf3a287f07d1e5c71899b594d6a76b938a1345d7822ea8d96f6eb2c76f967f4a431a3fc84	common_voice_en_41485468.mp3	f1ed24a9a0140a0b9e14d17e593f78ce0fdbcfe546af5852a18f08d23979fd98	Blair worked closely with the county historians to train and advise them.		2	0	fourties		United States English		en	
eb515ef9801bcd6ccc94cad1efe9507a40b7831c47a7e4562240d1ebf3a287f07d1e5c71899b594d6a76b938a1345d7822ea8d96f6eb2c76f967f4a431a3fc84	common_voice_en_41485470.mp3	f2023315ef437bacdfdf63bfc6f68720014ee484b6b6ce646d21a0a539b23d2d	The region's major agricultural activities are cotton and cereal growing, winemaking and sericulture.		2	0	fourties		United States English		en	
eb515ef9801bcd6ccc94cad1efe9507a40b7831c47a7e4562240d1ebf3a287f07d1e5c71899b594d6a76b938a1345d7822ea8d96f6eb2c76f967f4a431a3fc84	common_voice_en_41485479.mp3	f2001bcc785b03100c48d6cce278aa42ea9aa8271e356360d2225fdc00fbcdf2	The unincorporated communities of Larsen, Medina Junction, and Mikesville are located within the town.		2	0	fourties		United States English		en	
eb515ef9801bcd6ccc94cad1efe9507a40b7831c47a7e4562240d1ebf3a287f07d1e5c71899b594d6a76b938a1345d7822ea8d96f6eb2c76f967f4a431a3fc84	common_voice_en_41485931.mp3	f1d5a145acc779061adb3ec32e48f073cf3c1dd7128c7f0298b370f593646094	The pair cause an undersea avalanche that buries them for several months.		2	0	fourties		United States English		en	
eb515ef9801bcd6ccc94cad1efe9507a40b7831c47a7e4562240d1ebf3a287f07d1e5c71899b594d6a76b938a1345d7822ea8d96f6eb2c76f967f4a431a3fc84	common_voice_en_41486095.mp3	f1cc13b6fa3c1f729bc7e3930f9f11b1f81c6ad9d268e057aa15fe98842b934c	Sabbath subsequently loses the Doctor's time-sensitive heart and the Doctor grows a new one.		2	0	fourties		United States English		en	
eb515ef9801bcd6ccc94cad1efe9507a40b7831c47a7e4562240d1ebf3a287f07d1e5c71899b594d6a76b938a1345d7822ea8d96f6eb2c76f967f4a431a3fc84	common_voice_en_41486099.mp3	f1f759b39b0a56668c1066067b8e8739a4b70f2c120f11b9ed2a81893f9d1147	That resulted therefore that most of the nobility is untitled in the Netherlands.		2	0	fourties		United States English		en	
eb515ef9801bcd6ccc94cad1efe9507a40b7831c47a7e4562240d1ebf3a287f07d1e5c71899b594d6a76b938a1345d7822ea8d96f6eb2c76f967f4a431a3fc84	common_voice_en_41486103.mp3	f1fee94b59d1d0aa6e9bfedbdb0d7920283f77bac0a793b28eae3e69d46c73c6	To write about me is nothing like it is to be with me.		2	0	fourties		United States English		en	
eb515ef9801bcd6ccc94cad1efe9507a40b7831c47a7e4562240d1ebf3a287f07d1e5c71899b594d6a76b938a1345d7822ea8d96f6eb2c76f967f4a431a3fc84	common_voice_en_41486133.mp3	f1dadeeb31a303b27874001cb996e43c1638b02d65c0996da788f9b72537a259	After a year-long layoff, he returned to training.		2	0	fourties		United States English		en	
eb515ef9801bcd6ccc94cad1efe9507a40b7831c47a7e4562240d1ebf3a287f07d1e5c71899b594d6a76b938a1345d7822ea8d96f6eb2c76f967f4a431a3fc84	common_voice_en_41486135.mp3	f1d786be03c5ce06c3871af5b587e0fcf03997aef9ca26fc208e816352b314c2	Each line is referred to as a cylinder bank.		2	0	fourties		United States English		en	
79d543138d8b1a49e9c2e74ff9a129bd3f34bd597cff59f8485b011eac15cb6113062d17df49c5b649e4c4793ebce6bb76488cc81bf22a7de0f1a37eaeff9b18	common_voice_en_41288974.mp3	f1782cd788abd7ceed53facfc9f0c9b4de1199513c35ea3bf2b2af1ba7622ac2	The traditional boats are called "Keteks" or sampans.		4	0	twenties		United States English		en	
79d543138d8b1a49e9c2e74ff9a129bd3f34bd597cff59f8485b011eac15cb6113062d17df49c5b649e4c4793ebce6bb76488cc81bf22a7de0f1a37eaeff9b18	common_voice_en_41288995.mp3	f1637477ab118bb778d9f9fe5922efa10098d5c297a4f0e56411ac3d8110506d	The city government is a council-manager form of government.		2	0	twenties		United States English		en	
79d543138d8b1a49e9c2e74ff9a129bd3f34bd597cff59f8485b011eac15cb6113062d17df49c5b649e4c4793ebce6bb76488cc81bf22a7de0f1a37eaeff9b18	common_voice_en_41289037.mp3	f1642a6d6d29160d1a7e28eba23374dd5de122870c5e54f1e8d70f577e35f58d	He was elected a Fellow of the Royal Society the same year.		2	0	twenties		United States English		en	
79d543138d8b1a49e9c2e74ff9a129bd3f34bd597cff59f8485b011eac15cb6113062d17df49c5b649e4c4793ebce6bb76488cc81bf22a7de0f1a37eaeff9b18	common_voice_en_41289083.mp3	f16a32c833a1ee3cbb74e2e88c4b0549ab3de41ed22c88250c0f219534534976	Good afternoon, Mrs. Blewett.		2	0	twenties		United States English		en	
79d543138d8b1a49e9c2e74ff9a129bd3f34bd597cff59f8485b011eac15cb6113062d17df49c5b649e4c4793ebce6bb76488cc81bf22a7de0f1a37eaeff9b18	common_voice_en_41289090.mp3	f153085e71352cc47ad07adc97a0fe08a33e8c4eadefe2f05b238f60006e30e0	In that election, he was returned on the regional list.		2	0	twenties		United States English		en	
79d543138d8b1a49e9c2e74ff9a129bd3f34bd597cff59f8485b011eac15cb6113062d17df49c5b649e4c4793ebce6bb76488cc81bf22a7de0f1a37eaeff9b18	common_voice_en_41289092.mp3	f174f2170418955df9fbf1bd9be869e1577bae6ede245a9078cce215953ac0f7	Lai began her teaching career at Sacred Hearts Convent.		2	0	twenties		United States English		en	
79d543138d8b1a49e9c2e74ff9a129bd3f34bd597cff59f8485b011eac15cb6113062d17df49c5b649e4c4793ebce6bb76488cc81bf22a7de0f1a37eaeff9b18	common_voice_en_41289105.mp3	f177b5efe8f36b50ed0a2a4f275f7c532785d329c0d2c24f2f03b7975ffd151c	Modern meaning: tribe.		2	0	twenties		United States English		en	
79d543138d8b1a49e9c2e74ff9a129bd3f34bd597cff59f8485b011eac15cb6113062d17df49c5b649e4c4793ebce6bb76488cc81bf22a7de0f1a37eaeff9b18	common_voice_en_41289234.mp3	f148779463ccc874962f1a498263d926223ed1beca34dc8584edf01990235520	Matt the Mute writes out everything he wants to say.		2	0	twenties		United States English		en	
79d543138d8b1a49e9c2e74ff9a129bd3f34bd597cff59f8485b011eac15cb6113062d17df49c5b649e4c4793ebce6bb76488cc81bf22a7de0f1a37eaeff9b18	common_voice_en_41289374.mp3	f17c0c2980679626df88ddbbec00c6ed76955749c9db65536d62ca066f30060e	The nearest railway station is Moses Gate, and Metrolink serves the nearby Radcliffe stop.		2	0	twenties		United States English		en	
79d543138d8b1a49e9c2e74ff9a129bd3f34bd597cff59f8485b011eac15cb6113062d17df49c5b649e4c4793ebce6bb76488cc81bf22a7de0f1a37eaeff9b18	common_voice_en_41289375.mp3	f167b54af8eeb0533742aeb7f91aea1ce177b6da6bd2a9cf343cab16f2a24f6b	Administratively this range is part of the Sermersooq Municipality.		2	0	twenties		United States English		en	
79d543138d8b1a49e9c2e74ff9a129bd3f34bd597cff59f8485b011eac15cb6113062d17df49c5b649e4c4793ebce6bb76488cc81bf22a7de0f1a37eaeff9b18	common_voice_en_41289381.mp3	f1719122556ad6dd48cbbe0ebeea23869b2122b65e6c764ea3623239cd64e8ed	Later pickup trucks in Europe gained a fifth gear.		2	0	twenties		United States English		en	
79d543138d8b1a49e9c2e74ff9a129bd3f34bd597cff59f8485b011eac15cb6113062d17df49c5b649e4c4793ebce6bb76488cc81bf22a7de0f1a37eaeff9b18	common_voice_en_41289396.mp3	f16d861779b1d2a9fb52652a800cad1fd558a2ecd829b9f7c5717b5cf2956580	The village today is mainly residential and agricultural, but there is some light industry.		2	0	twenties		United States English		en	
79d543138d8b1a49e9c2e74ff9a129bd3f34bd597cff59f8485b011eac15cb6113062d17df49c5b649e4c4793ebce6bb76488cc81bf22a7de0f1a37eaeff9b18	common_voice_en_41289398.mp3	f174b0c0908cbc7a6c601dd37fd6f94c512e73ab07a8618103dad04cfbe5ef4d	Fisher sued Dees for copyright infringement.		2	0	twenties		United States English		en	
79d543138d8b1a49e9c2e74ff9a129bd3f34bd597cff59f8485b011eac15cb6113062d17df49c5b649e4c4793ebce6bb76488cc81bf22a7de0f1a37eaeff9b18	common_voice_en_41289494.mp3	f1785cee5358a6b008065a7cc0d4f6d4a95a5a8fe5cf11953dd1cee9ff1b0b19	There's no one left to lie to.		2	0	twenties		United States English		en	
79d543138d8b1a49e9c2e74ff9a129bd3f34bd597cff59f8485b011eac15cb6113062d17df49c5b649e4c4793ebce6bb76488cc81bf22a7de0f1a37eaeff9b18	common_voice_en_41289508.mp3	f15b243d30ae2f38e410b707fa42629465a608c8ea489744d77f6a8e8ea67cac	Alexander's claims were recognized by the Roman Senate, Ptolemy Philometor of Egypt and others.		2	0	twenties		United States English		en	
79d543138d8b1a49e9c2e74ff9a129bd3f34bd597cff59f8485b011eac15cb6113062d17df49c5b649e4c4793ebce6bb76488cc81bf22a7de0f1a37eaeff9b18	common_voice_en_41289521.mp3	f17a411b01e0da5dd22f081ae53ae72d75d923942178ee1e756e5ef7a10a7a96	Pope arguably satirises it from within rather than looking down judgmentally on the characters.		2	0	twenties		United States English		en	
79d543138d8b1a49e9c2e74ff9a129bd3f34bd597cff59f8485b011eac15cb6113062d17df49c5b649e4c4793ebce6bb76488cc81bf22a7de0f1a37eaeff9b18	common_voice_en_41289558.mp3	f1710974c7856d146b9d467e8d843053893d9d5b97bd27f23b62396b42e33061	The land office referred the caveat to the Supreme Court of the Northwest Territories.		2	0	twenties		United States English		en	
79d543138d8b1a49e9c2e74ff9a129bd3f34bd597cff59f8485b011eac15cb6113062d17df49c5b649e4c4793ebce6bb76488cc81bf22a7de0f1a37eaeff9b18	common_voice_en_41289580.mp3	f1613859f1dc5ec7b364e855b358f639ef2d2adb30eb01f0cd17700af1da5a08	Their duty is to enforce the financial judgements of the local courts.		2	0	twenties		United States English		en	
79d543138d8b1a49e9c2e74ff9a129bd3f34bd597cff59f8485b011eac15cb6113062d17df49c5b649e4c4793ebce6bb76488cc81bf22a7de0f1a37eaeff9b18	common_voice_en_41289606.mp3	f17e36f98f02e77286ebba66da197f47e32404056a3248b76930161dbbaef6a6	It appears on Lewis and Clark's maps as "Port-pel-lah".		2	0	twenties		United States English		en	
79d543138d8b1a49e9c2e74ff9a129bd3f34bd597cff59f8485b011eac15cb6113062d17df49c5b649e4c4793ebce6bb76488cc81bf22a7de0f1a37eaeff9b18	common_voice_en_41289636.mp3	f18124692b07a6642eed9013fa5753d0203d5c1498cfe751ee6202cf9e221a2f	The demerit points are also in close relation with the students' conduct grade.		2	0	twenties		United States English		en	
79d543138d8b1a49e9c2e74ff9a129bd3f34bd597cff59f8485b011eac15cb6113062d17df49c5b649e4c4793ebce6bb76488cc81bf22a7de0f1a37eaeff9b18	common_voice_en_41289637.mp3	f17a0990d4fc4f69a94e7794ac6c092e9cb9616f718771bceb6cd39ef957f5af	She was the first ship named for Commander Frank Ragan King.		2	0	twenties		United States English		en	
79d543138d8b1a49e9c2e74ff9a129bd3f34bd597cff59f8485b011eac15cb6113062d17df49c5b649e4c4793ebce6bb76488cc81bf22a7de0f1a37eaeff9b18	common_voice_en_41289712.mp3	f1680e76dcd07c191039daa2c203cabc75d40f38eaeb92a998b866908572f9c9	Part of the original works site has become a Tesco supermarket.		2	0	twenties		United States English		en	
79d543138d8b1a49e9c2e74ff9a129bd3f34bd597cff59f8485b011eac15cb6113062d17df49c5b649e4c4793ebce6bb76488cc81bf22a7de0f1a37eaeff9b18	common_voice_en_41290028.mp3	f16b1d85a37c1b0c01384d676b53b69914bfff6b78b2a028b734be34f0678ecb	Various academic institutions offer courses of study in the ethics of medical humanities.		2	0	twenties		United States English		en	
79d543138d8b1a49e9c2e74ff9a129bd3f34bd597cff59f8485b011eac15cb6113062d17df49c5b649e4c4793ebce6bb76488cc81bf22a7de0f1a37eaeff9b18	common_voice_en_41290103.mp3	f17518b6805ecc9ed1ef2256132934b3c25b29e2d36855b61655f1fc51a259ce	Undeletion is not fail-safe.		2	0	twenties		United States English		en	
79d543138d8b1a49e9c2e74ff9a129bd3f34bd597cff59f8485b011eac15cb6113062d17df49c5b649e4c4793ebce6bb76488cc81bf22a7de0f1a37eaeff9b18	common_voice_en_41290109.mp3	f1809d5643be1311cf1b26f2f1a1e15729df3e5b6688e9929350a240a6eb00c2	That date was also postponed.		2	0	twenties		United States English		en	
79d543138d8b1a49e9c2e74ff9a129bd3f34bd597cff59f8485b011eac15cb6113062d17df49c5b649e4c4793ebce6bb76488cc81bf22a7de0f1a37eaeff9b18	common_voice_en_41290111.mp3	f16e75dc866b418110734b2e430491e56aee71045c5017d7a8f14938d3d097f8	This transmission electron microscope was used as a prototype for later electron microscopes.		2	0	twenties		United States English		en	
79d543138d8b1a49e9c2e74ff9a129bd3f34bd597cff59f8485b011eac15cb6113062d17df49c5b649e4c4793ebce6bb76488cc81bf22a7de0f1a37eaeff9b18	common_voice_en_41290117.mp3	f16c78eec43cf2847c4e82516c18d19ec1d2be021c898cfaa071eac3ffea6b3e	Tussock tundra dominates the terrain surrounding the lake.		2	0	twenties		United States English		en	
79d543138d8b1a49e9c2e74ff9a129bd3f34bd597cff59f8485b011eac15cb6113062d17df49c5b649e4c4793ebce6bb76488cc81bf22a7de0f1a37eaeff9b18	common_voice_en_41290119.mp3	f1850f540e8cb8d2f1fd528a4c6050c80974bb0bc0bb32d176bda161a75c3195	Scarlett accepts only for Rhett's money.		2	0	twenties		United States English		en	
79d543138d8b1a49e9c2e74ff9a129bd3f34bd597cff59f8485b011eac15cb6113062d17df49c5b649e4c4793ebce6bb76488cc81bf22a7de0f1a37eaeff9b18	common_voice_en_41290130.mp3	f16cb80a8088bc581394a25256cd884828e37687986029ccd7044a0206d2f900	It specialized in Punk Rock, Indie Rock and Emo.		2	0	twenties		United States English		en	
79d543138d8b1a49e9c2e74ff9a129bd3f34bd597cff59f8485b011eac15cb6113062d17df49c5b649e4c4793ebce6bb76488cc81bf22a7de0f1a37eaeff9b18	common_voice_en_41290137.mp3	f1619e68c271e494d542b2dd514315cd17e3d0ac81b5ff84cc1799f1cf30a539	The Newport Beach plant was demolished, and rezoned for residential development.		2	0	twenties		United States English		en	
79d543138d8b1a49e9c2e74ff9a129bd3f34bd597cff59f8485b011eac15cb6113062d17df49c5b649e4c4793ebce6bb76488cc81bf22a7de0f1a37eaeff9b18	common_voice_en_41290178.mp3	f1519f28df697c4bdfd14bea89077123702e64da3e09f1716f6ddd303a1f39cb	Once this has started then other varieties can be introduced.		2	0	twenties		United States English		en	
79d543138d8b1a49e9c2e74ff9a129bd3f34bd597cff59f8485b011eac15cb6113062d17df49c5b649e4c4793ebce6bb76488cc81bf22a7de0f1a37eaeff9b18	common_voice_en_41290179.mp3	f17e585e9111483be202985a28748a9ed923185dd8911b3dc2f00c5efe6b4f05	Vast African Oil Palm plantations now dot the area.		2	0	twenties		United States English		en	
79d543138d8b1a49e9c2e74ff9a129bd3f34bd597cff59f8485b011eac15cb6113062d17df49c5b649e4c4793ebce6bb76488cc81bf22a7de0f1a37eaeff9b18	common_voice_en_41290187.mp3	f16089da938d9a5503eed36170f715afd89abd6746b1c2030a9461c5baef916a	Sometimes the cable ferry is human powered by someone on the boat.		2	0	twenties		United States English		en	
79d543138d8b1a49e9c2e74ff9a129bd3f34bd597cff59f8485b011eac15cb6113062d17df49c5b649e4c4793ebce6bb76488cc81bf22a7de0f1a37eaeff9b18	common_voice_en_41290195.mp3	f1865629aa77094827c03c25fc8833f6a8c5c7938cb8c3c32aed4314313a1491	Furthermore, lawyers, friends, and libertarians give their view of the story.		2	0	twenties		United States English		en	
79d543138d8b1a49e9c2e74ff9a129bd3f34bd597cff59f8485b011eac15cb6113062d17df49c5b649e4c4793ebce6bb76488cc81bf22a7de0f1a37eaeff9b18	common_voice_en_41290290.mp3	f1857cf5f791902eae0977af01421089c718cb7a183d37fab692a81ee01e6e85	His later poems are inspired by a late love for a very young girl.		2	0	twenties		United States English		en	
79d543138d8b1a49e9c2e74ff9a129bd3f34bd597cff59f8485b011eac15cb6113062d17df49c5b649e4c4793ebce6bb76488cc81bf22a7de0f1a37eaeff9b18	common_voice_en_41290379.mp3	f16bb2154aae7f248c8fd9d6a74b78ad90f3d25f9c9e01ac45394b24ead6151f	He also held the posts of prime minister and foreign minister.		2	0	twenties		United States English		en	
79d543138d8b1a49e9c2e74ff9a129bd3f34bd597cff59f8485b011eac15cb6113062d17df49c5b649e4c4793ebce6bb76488cc81bf22a7de0f1a37eaeff9b18	common_voice_en_41290416.mp3	f174565e4fda15b8ddb48419551d238b44052555ba0a085d683091e95f47a19f	He was often called Honest John.		2	0	twenties		United States English		en	
79d543138d8b1a49e9c2e74ff9a129bd3f34bd597cff59f8485b011eac15cb6113062d17df49c5b649e4c4793ebce6bb76488cc81bf22a7de0f1a37eaeff9b18	common_voice_en_41290431.mp3	f189c32af21a7b820bbd6129c86a247618f86f86db0f9ab90a47d831653f15bc	After the Lombard invasion it belonged to the Duchy of Ivrea.		2	0	twenties		United States English		en	
79d543138d8b1a49e9c2e74ff9a129bd3f34bd597cff59f8485b011eac15cb6113062d17df49c5b649e4c4793ebce6bb76488cc81bf22a7de0f1a37eaeff9b18	common_voice_en_41290436.mp3	f18926e86c18242d908517b2a0d8b202d7b9afa94e3393e782df63591deaf2a3	For example, he did a stint as one of the What's My Line?		2	0	twenties		United States English		en	
79d543138d8b1a49e9c2e74ff9a129bd3f34bd597cff59f8485b011eac15cb6113062d17df49c5b649e4c4793ebce6bb76488cc81bf22a7de0f1a37eaeff9b18	common_voice_en_41290442.mp3	f176196559d911cb073a3cb41137e4b94f9c1a6295c67dcdfa7863c013e1111e	Hicks was born in Long Beach, California.		2	0	twenties		United States English		en	
79d543138d8b1a49e9c2e74ff9a129bd3f34bd597cff59f8485b011eac15cb6113062d17df49c5b649e4c4793ebce6bb76488cc81bf22a7de0f1a37eaeff9b18	common_voice_en_41290444.mp3	f182f231bc231c484d8bcb627ad2bb3f2c9031dced50a150817834456f111bb8	A bullpup configuration called Kushnapup is also available for all Saiga calibers.		2	0	twenties		United States English		en	
79d543138d8b1a49e9c2e74ff9a129bd3f34bd597cff59f8485b011eac15cb6113062d17df49c5b649e4c4793ebce6bb76488cc81bf22a7de0f1a37eaeff9b18	common_voice_en_41290465.mp3	f184a66f778c3c2ec49c50af1d3b6a9ec7dda7a7569ccd705aa44e0750369744	Eligible facilities can be located in England, Scotland, Wales or Northern Ireland.		2	0	twenties		United States English		en	
79d543138d8b1a49e9c2e74ff9a129bd3f34bd597cff59f8485b011eac15cb6113062d17df49c5b649e4c4793ebce6bb76488cc81bf22a7de0f1a37eaeff9b18	common_voice_en_41290470.mp3	f182e87ffde74afb9ccd2d84d949275e137e0f62ec928863a055f290fdf24147	This event inspired Harris to paint his "A Meeting of the School Trustees".		2	0	twenties		United States English		en	
79d543138d8b1a49e9c2e74ff9a129bd3f34bd597cff59f8485b011eac15cb6113062d17df49c5b649e4c4793ebce6bb76488cc81bf22a7de0f1a37eaeff9b18	common_voice_en_41291108.mp3	f18c5e9b69595f000e5399c22c43f8567163761e4d5b40f2ced1d3111b9b2979	Unlike Sonic, Tails can also swim underwater.		2	0	twenties		United States English		en	
79d543138d8b1a49e9c2e74ff9a129bd3f34bd597cff59f8485b011eac15cb6113062d17df49c5b649e4c4793ebce6bb76488cc81bf22a7de0f1a37eaeff9b18	common_voice_en_41291129.mp3	f1883dc5dbc30f36d1424ff567c042e4ae97cd42d37176e0fc149765fdbdf874	The township includes Decoria Cemetery.		2	0	twenties		United States English		en	
79d543138d8b1a49e9c2e74ff9a129bd3f34bd597cff59f8485b011eac15cb6113062d17df49c5b649e4c4793ebce6bb76488cc81bf22a7de0f1a37eaeff9b18	common_voice_en_41291154.mp3	f18c89be2a635cde6f375ce68e8ad1d16b5d7f51da496ee1a94c152a86555388	One of her stained-glass windows is at Champ-de-Mars metro station in Montreal.		2	0	twenties		United States English		en	
79d543138d8b1a49e9c2e74ff9a129bd3f34bd597cff59f8485b011eac15cb6113062d17df49c5b649e4c4793ebce6bb76488cc81bf22a7de0f1a37eaeff9b18	common_voice_en_41291194.mp3	f16f39b06b409f2db5e18a969a99b2d3cbc6f89365b2f54fd0708d7a56c97d2c	She belongs to the first generation of actors in the Ivan Vazov National Theater.		2	0	twenties		United States English		en	
79d543138d8b1a49e9c2e74ff9a129bd3f34bd597cff59f8485b011eac15cb6113062d17df49c5b649e4c4793ebce6bb76488cc81bf22a7de0f1a37eaeff9b18	common_voice_en_41307022.mp3	f1916a4da6c45414b2cd0a88a7d834b6f6244092c0cfdd14d8be9548bcbea168	The town of Odder is located south of the city of Aarhus.		2	0	twenties		United States English		en	
79d543138d8b1a49e9c2e74ff9a129bd3f34bd597cff59f8485b011eac15cb6113062d17df49c5b649e4c4793ebce6bb76488cc81bf22a7de0f1a37eaeff9b18	common_voice_en_41307074.mp3	167c7d33092fc27398c28a549ae559dd23fff5a888a51f49d3fcb62cb361c39c	What's "on" Earth?		2	0	twenties		United States English		en	
79d543138d8b1a49e9c2e74ff9a129bd3f34bd597cff59f8485b011eac15cb6113062d17df49c5b649e4c4793ebce6bb76488cc81bf22a7de0f1a37eaeff9b18	common_voice_en_41307214.mp3	f18b426380c465cce15a85c34193061df60bba9fa207033e30b5ca76b6f93cee	Then there was the long climb home.		2	0	twenties		United States English		en	
79d543138d8b1a49e9c2e74ff9a129bd3f34bd597cff59f8485b011eac15cb6113062d17df49c5b649e4c4793ebce6bb76488cc81bf22a7de0f1a37eaeff9b18	common_voice_en_41350374.mp3	f18abfffa00a68114edf7477ad26258e1cc7b9c6f3db2a602955a227c919e0ed	It is well known for making its window management transparent to the application.		2	0	twenties		United States English		en	
79d543138d8b1a49e9c2e74ff9a129bd3f34bd597cff59f8485b011eac15cb6113062d17df49c5b649e4c4793ebce6bb76488cc81bf22a7de0f1a37eaeff9b18	common_voice_en_41350495.mp3	f17e07c3a6cb930b6d0c4a5c9f6a02f79c5eacde0f5c993c5017bd2bbc19660a	He also campaigned against the reliance of hospitality staff on tips.		4	0	twenties		United States English		en	
79d543138d8b1a49e9c2e74ff9a129bd3f34bd597cff59f8485b011eac15cb6113062d17df49c5b649e4c4793ebce6bb76488cc81bf22a7de0f1a37eaeff9b18	common_voice_en_41350795.mp3	f17060c4b0f0b644fb0575c4ccf6192069940746bb7b56c117c7e00064e42b63	They had four children, all born in Los Angeles, California.		2	0	twenties		United States English		en	
79d543138d8b1a49e9c2e74ff9a129bd3f34bd597cff59f8485b011eac15cb6113062d17df49c5b649e4c4793ebce6bb76488cc81bf22a7de0f1a37eaeff9b18	common_voice_en_41351236.mp3	f174739049d4a65c386dd128683ca854ea25973b3f598f1006194452014bc177	He designed operas including "Lucrezia Borgia" for productions starring Dame Joan Sutherland.		2	0	twenties		United States English		en	
79d543138d8b1a49e9c2e74ff9a129bd3f34bd597cff59f8485b011eac15cb6113062d17df49c5b649e4c4793ebce6bb76488cc81bf22a7de0f1a37eaeff9b18	common_voice_en_41366246.mp3	279f8aac68537f80c96e90b3c836e24c24d52b0d6aa3125e2bf622416faf6f4c	Who is he?		2	0	twenties		United States English		en	
79d543138d8b1a49e9c2e74ff9a129bd3f34bd597cff59f8485b011eac15cb6113062d17df49c5b649e4c4793ebce6bb76488cc81bf22a7de0f1a37eaeff9b18	common_voice_en_41366367.mp3	f190cf6e287d5ff03b99986cf809fef8d4158feb9fa78288f37453691daa8aa3	The increased detail is most apparent in Grand Prix mode.		2	0	twenties		United States English		en	
79d543138d8b1a49e9c2e74ff9a129bd3f34bd597cff59f8485b011eac15cb6113062d17df49c5b649e4c4793ebce6bb76488cc81bf22a7de0f1a37eaeff9b18	common_voice_en_41366531.mp3	f194753510b5268201f2774e6887317b191756fbe04bd34352d5341979123b9c	It produces many trophy bass annually.		2	0	twenties		United States English		en	
79d543138d8b1a49e9c2e74ff9a129bd3f34bd597cff59f8485b011eac15cb6113062d17df49c5b649e4c4793ebce6bb76488cc81bf22a7de0f1a37eaeff9b18	common_voice_en_41368770.mp3	f1a3b52d7b0830d994c3d581b79f597564006097ed458b220f85efcac037188e	Pueblo County High School, east of the city in Vineland, serves rural residents.		2	0	twenties		United States English		en	
79d543138d8b1a49e9c2e74ff9a129bd3f34bd597cff59f8485b011eac15cb6113062d17df49c5b649e4c4793ebce6bb76488cc81bf22a7de0f1a37eaeff9b18	common_voice_en_41368771.mp3	f1a0b284170215a0d56f9266f946fdd8d14a6376f2ca5eb7961d8837fe469b68	All other isotopes have half-lives under a day, most under an hour.		2	0	twenties		United States English		en	
79d543138d8b1a49e9c2e74ff9a129bd3f34bd597cff59f8485b011eac15cb6113062d17df49c5b649e4c4793ebce6bb76488cc81bf22a7de0f1a37eaeff9b18	common_voice_en_41369027.mp3	f1841e1e5053a9cab027ea585e5b8359f8554c5397cdf30685765813cc9df3c5	Overall, the economy will expand, "and" productivity per worker will increase.		2	0	twenties		United States English		en	
79d543138d8b1a49e9c2e74ff9a129bd3f34bd597cff59f8485b011eac15cb6113062d17df49c5b649e4c4793ebce6bb76488cc81bf22a7de0f1a37eaeff9b18	common_voice_en_41369060.mp3	f19d017c8176cdad5bf93fb332809f2b55a25a298beb4174d205ecfb7bc3e752	Xeno died soon after.		2	0	twenties		United States English		en	
79d543138d8b1a49e9c2e74ff9a129bd3f34bd597cff59f8485b011eac15cb6113062d17df49c5b649e4c4793ebce6bb76488cc81bf22a7de0f1a37eaeff9b18	common_voice_en_41376847.mp3	f192e159bc43158a87c661377e6c17e26372998a00deccb27faee3511598a84e	Drainage density depends upon both climate and physical characteristics of the drainage basin.		2	0	twenties		United States English		en	
79d543138d8b1a49e9c2e74ff9a129bd3f34bd597cff59f8485b011eac15cb6113062d17df49c5b649e4c4793ebce6bb76488cc81bf22a7de0f1a37eaeff9b18	common_voice_en_41441573.mp3	f1bb8472714be109552a457669a7b832f03dc12bb630b2fbbac9381bab8c2e0a	Cholesterol regulates the function of several membrane proteins associated with lipid rafts.		2	0	twenties		United States English		en	
79d543138d8b1a49e9c2e74ff9a129bd3f34bd597cff59f8485b011eac15cb6113062d17df49c5b649e4c4793ebce6bb76488cc81bf22a7de0f1a37eaeff9b18	common_voice_en_41693457.mp3	f3e39e03e3b82b39321ace3eeb28be7348cd981fe324bd9e58d97f2825021548	Ediacaran of Russian federation and South Australia.		2	0	twenties		United States English		en	
bf35656a89be5e1cff674565dbf2957250385cfde9d9bca4542c6cd6e935788443e41d4e200f71926398c380c8d38f5b244a59c4b3c34c3557a3761890bdf363	common_voice_en_41605033.mp3	f2b5e2840e95c1c3ca6d443717e0d52f0c52dd9cc276fb2745dc30a9005acd76	However, McNeil was confident in the strength of his defense and refused to surrender.		2	0	sixties	female_feminine	United States English		en	
bf35656a89be5e1cff674565dbf2957250385cfde9d9bca4542c6cd6e935788443e41d4e200f71926398c380c8d38f5b244a59c4b3c34c3557a3761890bdf363	common_voice_en_41605037.mp3	f2a9ed51892fcff9cbbe03cf4f992d3462dc0cbde159eeba891df03b188b32b1	It's got suspense but no staying power.		2	0	sixties	female_feminine	United States English		en	
bf35656a89be5e1cff674565dbf2957250385cfde9d9bca4542c6cd6e935788443e41d4e200f71926398c380c8d38f5b244a59c4b3c34c3557a3761890bdf363	common_voice_en_41632278.mp3	f29ce72fc0f0e404acaccee73a444d75ff25be962210e4637944f5d30068d9f0	The work is divided into two books.		2	0	sixties	female_feminine	United States English		en	
bf35656a89be5e1cff674565dbf2957250385cfde9d9bca4542c6cd6e935788443e41d4e200f71926398c380c8d38f5b244a59c4b3c34c3557a3761890bdf363	common_voice_en_41632284.mp3	f2c5a3380e741f6eae70863cda6043fc661beecc69f0986be4d02be626a71734	Congress passed the Act in order to avoid a nationwide strike.		2	0	sixties	female_feminine	United States English		en	
bf35656a89be5e1cff674565dbf2957250385cfde9d9bca4542c6cd6e935788443e41d4e200f71926398c380c8d38f5b244a59c4b3c34c3557a3761890bdf363	common_voice_en_41632329.mp3	f2d091136fa4d593c8df8483691370e2ea61c5b49050d294f999ff17e8975841	The series was filmed under the working title "Jersey".		2	0	sixties	female_feminine	United States English		en	
bf35656a89be5e1cff674565dbf2957250385cfde9d9bca4542c6cd6e935788443e41d4e200f71926398c380c8d38f5b244a59c4b3c34c3557a3761890bdf363	common_voice_en_41633275.mp3	f2d1d43a5abc5e895f36cf7c663a1b2dba40977f77ff38c704eb07164008f701	This is difficult, however, since his profession and personal relationships are often intertwined.		2	0	sixties	female_feminine	United States English		en	
bf35656a89be5e1cff674565dbf2957250385cfde9d9bca4542c6cd6e935788443e41d4e200f71926398c380c8d38f5b244a59c4b3c34c3557a3761890bdf363	common_voice_en_41633303.mp3	f2cf38ea85a655a76e0ae98ec59c273371fb51b095bbe54b99a28254972d9b43	Clubs with three or more players represented are listed.		2	0	sixties	female_feminine	United States English		en	
bf35656a89be5e1cff674565dbf2957250385cfde9d9bca4542c6cd6e935788443e41d4e200f71926398c380c8d38f5b244a59c4b3c34c3557a3761890bdf363	common_voice_en_41633321.mp3	f2a17c3f4bd49948375f76cc099fbd5ad72ef6a93f920ec55a8f4957f9b7c07a	Her major technique is hand printing with ink and mixed media.		2	0	sixties	female_feminine	United States English		en	
bf35656a89be5e1cff674565dbf2957250385cfde9d9bca4542c6cd6e935788443e41d4e200f71926398c380c8d38f5b244a59c4b3c34c3557a3761890bdf363	common_voice_en_41633342.mp3	f2d18313a7d2d082777ef45490edfb54e1f183ee7a193a1cc60f767b5a2bc6b8	The word is related to "to sunder" in the meaning of "to separate".		4	0	sixties	female_feminine	United States English		en	
bf35656a89be5e1cff674565dbf2957250385cfde9d9bca4542c6cd6e935788443e41d4e200f71926398c380c8d38f5b244a59c4b3c34c3557a3761890bdf363	common_voice_en_41633345.mp3	f2c18c50f899bddb7f0d732683c4259832f407623333d13f420e3671fc0629ee	He was also the club's top scorer.		4	2	sixties	female_feminine	United States English		en	
bf35656a89be5e1cff674565dbf2957250385cfde9d9bca4542c6cd6e935788443e41d4e200f71926398c380c8d38f5b244a59c4b3c34c3557a3761890bdf363	common_voice_en_41640726.mp3	f2c7bcfb77c60d22fdec3aa04810f6a0519d9859613062573aa3de606d7cd4de	George explores the city and rescues a paraglider on the Bay Bridge.		2	0	sixties	female_feminine	United States English		en	
bf35656a89be5e1cff674565dbf2957250385cfde9d9bca4542c6cd6e935788443e41d4e200f71926398c380c8d38f5b244a59c4b3c34c3557a3761890bdf363	common_voice_en_41640797.mp3	f2dbc961150b39b77157153cf29be8de0c57e4b5fb12214656e76ca9c14b2ce9	Alumni occupy a number of senior executive positions in India and abroad.		2	0	sixties	female_feminine	United States English		en	
bf35656a89be5e1cff674565dbf2957250385cfde9d9bca4542c6cd6e935788443e41d4e200f71926398c380c8d38f5b244a59c4b3c34c3557a3761890bdf363	common_voice_en_41640858.mp3	f2a799cf6850a7e28e5a71c1059ac89283310375289a12d0904a95665fd918c2	An Enquiry service is available.		2	0	sixties	female_feminine	United States English		en	
bf35656a89be5e1cff674565dbf2957250385cfde9d9bca4542c6cd6e935788443e41d4e200f71926398c380c8d38f5b244a59c4b3c34c3557a3761890bdf363	common_voice_en_41640893.mp3	f2e0713bf9dbc10b0eefb275f2b0828d47d257083ebc7085c02d47008d5ba565	Other minimum performance standards or eligibility criteria may apply in other sports.		2	0	sixties	female_feminine	United States English		en	
bf35656a89be5e1cff674565dbf2957250385cfde9d9bca4542c6cd6e935788443e41d4e200f71926398c380c8d38f5b244a59c4b3c34c3557a3761890bdf363	common_voice_en_41640903.mp3	f2d2b99a2b128d358a28142a6f53c49b21956fad4338ee7c56c7bba1af583983	He promoted the Nuclear Center of Mexico that would be inaugurated after his death.		2	0	sixties	female_feminine	United States English		en	
bf35656a89be5e1cff674565dbf2957250385cfde9d9bca4542c6cd6e935788443e41d4e200f71926398c380c8d38f5b244a59c4b3c34c3557a3761890bdf363	common_voice_en_41640929.mp3	f2e63e1e71f943e1838f996a1b4d5c9574420d813db76399520bec532cb58c54	She stays in a hut or shelter specially made for her.		2	0	sixties	female_feminine	United States English		en	
bf35656a89be5e1cff674565dbf2957250385cfde9d9bca4542c6cd6e935788443e41d4e200f71926398c380c8d38f5b244a59c4b3c34c3557a3761890bdf363	common_voice_en_41646807.mp3	f2e47586ef213311a2cd22175b4a481f72ff790bcfb00dd946aeae7970ae70aa	An oyster of the old school whom nobody can open.		2	0	sixties	female_feminine	United States English		en	
bf35656a89be5e1cff674565dbf2957250385cfde9d9bca4542c6cd6e935788443e41d4e200f71926398c380c8d38f5b244a59c4b3c34c3557a3761890bdf363	common_voice_en_41646828.mp3	f2f12aeeaa3c7152409680bb177cebcad86d25a855a385a50e2905736a38ade4	Wayne was enraged and demanded a full court-martial.		2	0	sixties	female_feminine	United States English		en	
bf35656a89be5e1cff674565dbf2957250385cfde9d9bca4542c6cd6e935788443e41d4e200f71926398c380c8d38f5b244a59c4b3c34c3557a3761890bdf363	common_voice_en_41646865.mp3	f2f30b8826686900953089f7f48caa65a74857abb307785edaa50768f0fcfc79	During the opening, Snoopy practices magic with Woodstock by his side.		2	0	sixties	female_feminine	United States English		en	
bf35656a89be5e1cff674565dbf2957250385cfde9d9bca4542c6cd6e935788443e41d4e200f71926398c380c8d38f5b244a59c4b3c34c3557a3761890bdf363	common_voice_en_41646916.mp3	f2ecf0f4612dc109222df7ffa40667f29dafad88ead7ded4b0fb782af4606baf	De Luco was born in Basque Country.		2	0	sixties	female_feminine	United States English		en	
bf35656a89be5e1cff674565dbf2957250385cfde9d9bca4542c6cd6e935788443e41d4e200f71926398c380c8d38f5b244a59c4b3c34c3557a3761890bdf363	common_voice_en_41647307.mp3	f2e5028727aa2adc1748a65dc54cdf29a4f220414f2b968e1332184e86641cac	An excellent arrangement, Pearce.		2	0	sixties	female_feminine	United States English		en	
bf35656a89be5e1cff674565dbf2957250385cfde9d9bca4542c6cd6e935788443e41d4e200f71926398c380c8d38f5b244a59c4b3c34c3557a3761890bdf363	common_voice_en_41650535.mp3	f2ec03b713f35b8475a116fba95f27d62a824b737a8069ce9ccd6cb01378d1ba	His activities in this post demanded constant travelling through the very extensive district.		2	0	sixties	female_feminine	United States English		en	
bf35656a89be5e1cff674565dbf2957250385cfde9d9bca4542c6cd6e935788443e41d4e200f71926398c380c8d38f5b244a59c4b3c34c3557a3761890bdf363	common_voice_en_41650559.mp3	f2d95105fc1f6a3a5fc9b26f03026f0aa491cf469f57adce4d805ad13217a02e	"After Lately" debuted on E!		2	0	sixties	female_feminine	United States English		en	
bf35656a89be5e1cff674565dbf2957250385cfde9d9bca4542c6cd6e935788443e41d4e200f71926398c380c8d38f5b244a59c4b3c34c3557a3761890bdf363	common_voice_en_41653542.mp3	f2fef960b3f9ce2ff4bdef55c9f92b70da387032fd67ed788eff9b67f2ca7575	Alternatively, mission equipment can be installed in the cabin area.		2	0	sixties	female_feminine	United States English		en	
bf35656a89be5e1cff674565dbf2957250385cfde9d9bca4542c6cd6e935788443e41d4e200f71926398c380c8d38f5b244a59c4b3c34c3557a3761890bdf363	common_voice_en_41653606.mp3	f309823407e440ceac79aac00392837c13d7b797ca3d02a130efe12490304829	Hopewell Junction is located within the town of East Fishkill.		2	0	sixties	female_feminine	United States English		en	
bf35656a89be5e1cff674565dbf2957250385cfde9d9bca4542c6cd6e935788443e41d4e200f71926398c380c8d38f5b244a59c4b3c34c3557a3761890bdf363	common_voice_en_41653609.mp3	f308d354e1b8983f2af4f5445890e380d4960b57919b95f9432ca5815e76a2d4	The name of the band may be translated as "meaningful hallucinations" or "semantic hallucinations.		2	0	sixties	female_feminine	United States English		en	
bf35656a89be5e1cff674565dbf2957250385cfde9d9bca4542c6cd6e935788443e41d4e200f71926398c380c8d38f5b244a59c4b3c34c3557a3761890bdf363	common_voice_en_41653613.mp3	f30426954336ada4fd1671a71760feeb20e4ec74b3e591191cbdccd814648628	From Scandinavia they travelled south through Russia.		2	0	sixties	female_feminine	United States English		en	
bf35656a89be5e1cff674565dbf2957250385cfde9d9bca4542c6cd6e935788443e41d4e200f71926398c380c8d38f5b244a59c4b3c34c3557a3761890bdf363	common_voice_en_41653632.mp3	f2f3ade5202b9a55e31aa617eaa7859faae98762699753763f1fb895d41f3507	The camera is then pushed along the track while the image is being filmed.		2	0	sixties	female_feminine	United States English		en	
bf35656a89be5e1cff674565dbf2957250385cfde9d9bca4542c6cd6e935788443e41d4e200f71926398c380c8d38f5b244a59c4b3c34c3557a3761890bdf363	common_voice_en_41653651.mp3	f30bb752912399d37a005f781fb1792052b791ed3e4dd253811bab361a55c0d2	He is married to Claire.		2	0	sixties	female_feminine	United States English		en	
bf35656a89be5e1cff674565dbf2957250385cfde9d9bca4542c6cd6e935788443e41d4e200f71926398c380c8d38f5b244a59c4b3c34c3557a3761890bdf363	common_voice_en_41653757.mp3	f2fe6e9f677b788b6deabd034cac7e90caf8681d02109edf6cc9da266a2741f2	So the smaller boy belonged at first almost entirely to Annie.		2	0	sixties	female_feminine	United States English		en	
bf35656a89be5e1cff674565dbf2957250385cfde9d9bca4542c6cd6e935788443e41d4e200f71926398c380c8d38f5b244a59c4b3c34c3557a3761890bdf363	common_voice_en_41653758.mp3	f2cea6f61e59beb88c5e5fa8ef58e7c13e6f547fe399f215ea63929db71cc795	George finds the dragon and takes it into custody.		2	0	sixties	female_feminine	United States English		en	
bf35656a89be5e1cff674565dbf2957250385cfde9d9bca4542c6cd6e935788443e41d4e200f71926398c380c8d38f5b244a59c4b3c34c3557a3761890bdf363	common_voice_en_41653852.mp3	f2e8e6a879c3e5c93c029e26a1745d08f5ce04afd22ff80e7f794f95c36002c4	Red Shirt was also a popular leader and served as Three Bears' lieutenant.		4	0	sixties	female_feminine	United States English		en	
bf35656a89be5e1cff674565dbf2957250385cfde9d9bca4542c6cd6e935788443e41d4e200f71926398c380c8d38f5b244a59c4b3c34c3557a3761890bdf363	common_voice_en_41653912.mp3	f31463d41fde93bd67e308eba642d9b27ecc6ff24c06fa056b5f70dc476d6737	Marvel editors scrapped the story due to concerns about the controversy it might generate.		2	0	sixties	female_feminine	United States English		en	
bf35656a89be5e1cff674565dbf2957250385cfde9d9bca4542c6cd6e935788443e41d4e200f71926398c380c8d38f5b244a59c4b3c34c3557a3761890bdf363	common_voice_en_41653916.mp3	f30ffeb5e53c0e8e624a1db5dcc02de905c17125de692d4c566ca9d4443c2bc1	The following year he was promoted to the rank of lieutenant.		2	0	sixties	female_feminine	United States English		en	
bf35656a89be5e1cff674565dbf2957250385cfde9d9bca4542c6cd6e935788443e41d4e200f71926398c380c8d38f5b244a59c4b3c34c3557a3761890bdf363	common_voice_en_41653928.mp3	f3081818302cb78580fa56e7858d9b3d0793af33876b118469fa82ccc9761564	Coffey opened the Dock Distillery on Grand Canal Street in Dublin.		2	0	sixties	female_feminine	United States English		en	
bf35656a89be5e1cff674565dbf2957250385cfde9d9bca4542c6cd6e935788443e41d4e200f71926398c380c8d38f5b244a59c4b3c34c3557a3761890bdf363	common_voice_en_41653930.mp3	f30fd83e2efa8bbf2a085419bd5c705beb16eb21902dd37e214256464da30707	Everybody liked her, for among her good gifts was tact.		2	0	sixties	female_feminine	United States English		en	
bf35656a89be5e1cff674565dbf2957250385cfde9d9bca4542c6cd6e935788443e41d4e200f71926398c380c8d38f5b244a59c4b3c34c3557a3761890bdf363	common_voice_en_41654122.mp3	f31418b4dce6b76058b0f36fa6c570d90a0cf34cffb9b5b256010defb86e86db	He has also written two novels.		2	0	sixties	female_feminine	United States English		en	
bf35656a89be5e1cff674565dbf2957250385cfde9d9bca4542c6cd6e935788443e41d4e200f71926398c380c8d38f5b244a59c4b3c34c3557a3761890bdf363	common_voice_en_41654142.mp3	f30c0037704cf0b0ad4f4b656a1185bbae3425fedaeeb5ee379b9b48d1035e72	He grew up in Teaneck, and attended Teaneck High School.		2	0	sixties	female_feminine	United States English		en	
bf35656a89be5e1cff674565dbf2957250385cfde9d9bca4542c6cd6e935788443e41d4e200f71926398c380c8d38f5b244a59c4b3c34c3557a3761890bdf363	common_voice_en_41654173.mp3	f315589f1038a2a2621ddb73fa564c3aae9dde426498f404a72c01ff11b490c8	In India, the root bark is sometimes used for tanning.		2	0	sixties	female_feminine	United States English		en	
bf35656a89be5e1cff674565dbf2957250385cfde9d9bca4542c6cd6e935788443e41d4e200f71926398c380c8d38f5b244a59c4b3c34c3557a3761890bdf363	common_voice_en_41664193.mp3	f31efc0de21661ad46be00898cfe102be06a34351aca7f5572f824b9d2ef775f	The station is barrier free from the street to the bus platforms.		2	0	sixties	female_feminine	United States English		en	
bf35656a89be5e1cff674565dbf2957250385cfde9d9bca4542c6cd6e935788443e41d4e200f71926398c380c8d38f5b244a59c4b3c34c3557a3761890bdf363	common_voice_en_41664201.mp3	f31a5f96f239eb7f56d41747548acc538ee162c4b40f49ca7e1a3a9bcd6bd74d	He died in America, where he had a Virginia estate.		2	0	sixties	female_feminine	United States English		en	
bf35656a89be5e1cff674565dbf2957250385cfde9d9bca4542c6cd6e935788443e41d4e200f71926398c380c8d38f5b244a59c4b3c34c3557a3761890bdf363	common_voice_en_41664245.mp3	f33988f8c05563b1b35733688f99d25fccd10400af0e973807292b12d3edbe3f	The first two emphasize language, cultural, and training skills in working with foreign troops.		2	0	sixties	female_feminine	United States English		en	
bf35656a89be5e1cff674565dbf2957250385cfde9d9bca4542c6cd6e935788443e41d4e200f71926398c380c8d38f5b244a59c4b3c34c3557a3761890bdf363	common_voice_en_41678595.mp3	f37994500fac903f97cf549ba7b2bc3e79209bfc9b1185bb307d13d32ce643eb	Many of these programs are highlighted in the following sections.		2	0	sixties	female_feminine	United States English		en	
bf35656a89be5e1cff674565dbf2957250385cfde9d9bca4542c6cd6e935788443e41d4e200f71926398c380c8d38f5b244a59c4b3c34c3557a3761890bdf363	common_voice_en_41678614.mp3	f3791fab5703e2c32a682d249dd6ffc262685a4bff5c2c42feb61ab04350b68e	Additionally, he has made contributions to the deformation theory of algebraic varieties.		2	0	sixties	female_feminine	United States English		en	
bf35656a89be5e1cff674565dbf2957250385cfde9d9bca4542c6cd6e935788443e41d4e200f71926398c380c8d38f5b244a59c4b3c34c3557a3761890bdf363	common_voice_en_41678634.mp3	f35ced6b9f00b6264b67ed5345975461719f5680fd46ba84a48325d34cc2e8ec	Unlike traditional minesweepers, they were not equipped for sweeping moored or magnetic mines.		2	0	sixties	female_feminine	United States English		en	
bf35656a89be5e1cff674565dbf2957250385cfde9d9bca4542c6cd6e935788443e41d4e200f71926398c380c8d38f5b244a59c4b3c34c3557a3761890bdf363	common_voice_en_41678647.mp3	f37a9da80b45dacbf46d3b13cf95614d8615c4397a8357d600e0d33c5959b703	He was famous for his attention to the details of eyelids and toenails.		2	0	sixties	female_feminine	United States English		en	
bf35656a89be5e1cff674565dbf2957250385cfde9d9bca4542c6cd6e935788443e41d4e200f71926398c380c8d38f5b244a59c4b3c34c3557a3761890bdf363	common_voice_en_41678650.mp3	f347b1f990f191cb7671ddfa68b09f300361577b3a79117f0bb040dd7bc9eba1	With her new position, she oversaw the reorganisation of the Devonshire estates.		2	0	sixties	female_feminine	United States English		en	
bf35656a89be5e1cff674565dbf2957250385cfde9d9bca4542c6cd6e935788443e41d4e200f71926398c380c8d38f5b244a59c4b3c34c3557a3761890bdf363	common_voice_en_41682467.mp3	f38bcfc00d05899e370e27627154231dbdf75519efb7c27f916bfcaf9be912cb	A system of limestone caves does exist within the mountain, but they remain undocumented.		2	0	sixties	female_feminine	United States English		en	
bf35656a89be5e1cff674565dbf2957250385cfde9d9bca4542c6cd6e935788443e41d4e200f71926398c380c8d38f5b244a59c4b3c34c3557a3761890bdf363	common_voice_en_41682485.mp3	f379084d1da8c19467423531d7a4b8be16a151ba19453efb5ccfcbefdd1caab0	Agnotherapy is a method developed in Israel to help elderly people express their feelings.		2	0	sixties	female_feminine	United States English		en	
bf35656a89be5e1cff674565dbf2957250385cfde9d9bca4542c6cd6e935788443e41d4e200f71926398c380c8d38f5b244a59c4b3c34c3557a3761890bdf363	common_voice_en_41682531.mp3	f398e0ac078474566461c69f0d46174c44729e061a2cf4e7ee6fe06955a9d72d	In church and waiting on trains, like.		2	0	sixties	female_feminine	United States English		en	
bf35656a89be5e1cff674565dbf2957250385cfde9d9bca4542c6cd6e935788443e41d4e200f71926398c380c8d38f5b244a59c4b3c34c3557a3761890bdf363	common_voice_en_41686447.mp3	f3970d51731dce6a4008e883dfff8f1b4423ce0cc1d5519cce6c32da30cad50f	Little is known about his life and only one of his works has survived.		2	0	sixties	female_feminine	United States English		en	
bf35656a89be5e1cff674565dbf2957250385cfde9d9bca4542c6cd6e935788443e41d4e200f71926398c380c8d38f5b244a59c4b3c34c3557a3761890bdf363	common_voice_en_41686449.mp3	f39afb4e7a6ce9cccd9c6e14cc6e363cfd0462f39222713dc16cddbfb05f8d92	The bel is seldom used, as the decibel was the proposed working unit.		2	0	sixties	female_feminine	United States English		en	
bf35656a89be5e1cff674565dbf2957250385cfde9d9bca4542c6cd6e935788443e41d4e200f71926398c380c8d38f5b244a59c4b3c34c3557a3761890bdf363	common_voice_en_41686470.mp3	f3b6651dd7b0d05fd914ea495dba052251729662984f3eaa41958c4efe8e8d0d	The victories on the court have begun to add up.		2	0	sixties	female_feminine	United States English		en	
bf35656a89be5e1cff674565dbf2957250385cfde9d9bca4542c6cd6e935788443e41d4e200f71926398c380c8d38f5b244a59c4b3c34c3557a3761890bdf363	common_voice_en_41686475.mp3	f3a139c4a5fd860ffebb121ce4c18ae1be09cec0d6bbaf5b330da3a6755ebb17	More ambiguous terms for a privately held company are unquoted company and unlisted company.		2	0	sixties	female_feminine	United States English		en	
bf35656a89be5e1cff674565dbf2957250385cfde9d9bca4542c6cd6e935788443e41d4e200f71926398c380c8d38f5b244a59c4b3c34c3557a3761890bdf363	common_voice_en_41686493.mp3	f3b62242db70932e6c4070be7ad780284603e615a9cf0577786d2975864e057e	He performed for Frank Sinatra and Liza Minnelli.		2	0	sixties	female_feminine	United States English		en	
bf35656a89be5e1cff674565dbf2957250385cfde9d9bca4542c6cd6e935788443e41d4e200f71926398c380c8d38f5b244a59c4b3c34c3557a3761890bdf363	common_voice_en_41686497.mp3	f3bc74c2a00b7196da8858e5c2a8465095a57a92beaf7ba9e8619cf2b3e74cb3	They also defined rules for conformation competitions for mixed-breed dogs.		2	0	sixties	female_feminine	United States English		en	
bf35656a89be5e1cff674565dbf2957250385cfde9d9bca4542c6cd6e935788443e41d4e200f71926398c380c8d38f5b244a59c4b3c34c3557a3761890bdf363	common_voice_en_41691663.mp3	f3d4c52515f8df851ffee6601feaa417fd60061ea6a2a14ca7374cf8ef4eae41	Tafoya married Geronimo Tafoya with whom she had eight children.		2	0	sixties	female_feminine	United States English		en	
bf35656a89be5e1cff674565dbf2957250385cfde9d9bca4542c6cd6e935788443e41d4e200f71926398c380c8d38f5b244a59c4b3c34c3557a3761890bdf363	common_voice_en_41691674.mp3	f3d0f886b46ee5be7b846ad2424f9984fe2906c86cfa2a52a94b91b22c03d4f1	Also in residence are the storm petrel, Bulwer's petrel and yellow-legged gull.		2	0	sixties	female_feminine	United States English		en	
bf35656a89be5e1cff674565dbf2957250385cfde9d9bca4542c6cd6e935788443e41d4e200f71926398c380c8d38f5b244a59c4b3c34c3557a3761890bdf363	common_voice_en_41691860.mp3	f397445aeb52eac7e757b2c8fc4671e7df47ba25f29f59a0b859b248a0908990	It is unknown whether this is the same Kohlit as the city.		2	0	sixties	female_feminine	United States English		en	
bf35656a89be5e1cff674565dbf2957250385cfde9d9bca4542c6cd6e935788443e41d4e200f71926398c380c8d38f5b244a59c4b3c34c3557a3761890bdf363	common_voice_en_41692086.mp3	f3ccf700b48b1c57631ee311c6ace9ebdcfcf0cc8e94c09cc619a9f829b47a54	He has been represented by the Premier Speakers Bureau.		2	0	sixties	female_feminine	United States English		en	
bf35656a89be5e1cff674565dbf2957250385cfde9d9bca4542c6cd6e935788443e41d4e200f71926398c380c8d38f5b244a59c4b3c34c3557a3761890bdf363	common_voice_en_41692112.mp3	f3a2805e2365d237f3d4c10f1bfe688eac2a18c09354294a747d5ff8de2ff501	This workload on the railroads required some skillful co-ordination.		2	0	sixties	female_feminine	United States English		en	
bf35656a89be5e1cff674565dbf2957250385cfde9d9bca4542c6cd6e935788443e41d4e200f71926398c380c8d38f5b244a59c4b3c34c3557a3761890bdf363	common_voice_en_41692243.mp3	f3cc10f2fed8a6b667f599749009c3729dcc0a7cbcc1401e1b2cfbee172fc3af	Anne hoped that the tears would come in solitude.		2	0	sixties	female_feminine	United States English		en	
bf35656a89be5e1cff674565dbf2957250385cfde9d9bca4542c6cd6e935788443e41d4e200f71926398c380c8d38f5b244a59c4b3c34c3557a3761890bdf363	common_voice_en_41692271.mp3	f3d1040100f080d2180f62756801ce0009a03ecc4f5b47c100e0d1fe2bbc66bd	It is a "concerto" for guitar and orchestra.		2	0	sixties	female_feminine	United States English		en	
bf35656a89be5e1cff674565dbf2957250385cfde9d9bca4542c6cd6e935788443e41d4e200f71926398c380c8d38f5b244a59c4b3c34c3557a3761890bdf363	common_voice_en_41692285.mp3	f3d803bf41d40c3e5ff6e5483a3d7cc37af2bff959dd2b9baa3b7cca923a95a3	His reputation is that of a lawyer, a statesman and a man of letters.		2	0	sixties	female_feminine	United States English		en	
bf35656a89be5e1cff674565dbf2957250385cfde9d9bca4542c6cd6e935788443e41d4e200f71926398c380c8d38f5b244a59c4b3c34c3557a3761890bdf363	common_voice_en_41692385.mp3	f3d89e33920590f45f34b620b7d8f4f0d5f156bbd5acfc1227a7c4e447aff434	It now has its own website, where a scanned copy can be found.		2	0	sixties	female_feminine	United States English		en	
bf35656a89be5e1cff674565dbf2957250385cfde9d9bca4542c6cd6e935788443e41d4e200f71926398c380c8d38f5b244a59c4b3c34c3557a3761890bdf363	common_voice_en_41692535.mp3	f3e2137be41928c889bfb78e79a8962142a779bd000c3a799adef86bf7f9d524	This body of water is very famous for pleasure boating.		2	0	sixties	female_feminine	United States English		en	
bf35656a89be5e1cff674565dbf2957250385cfde9d9bca4542c6cd6e935788443e41d4e200f71926398c380c8d38f5b244a59c4b3c34c3557a3761890bdf363	common_voice_en_41692548.mp3	f3dadd83a9fdc5d920b69c3e1aa2cb7e9bd8f3493232aade3d06def4f50cc577	Nor should one be surprised that the tunes themselves have multiple names.		2	0	sixties	female_feminine	United States English		en	
bf35656a89be5e1cff674565dbf2957250385cfde9d9bca4542c6cd6e935788443e41d4e200f71926398c380c8d38f5b244a59c4b3c34c3557a3761890bdf363	common_voice_en_41692600.mp3	f3bf6caa591e539660f70c1bcb8f88f357f20f510a5b5c629d4c8cb6163eb434	Beavercreek is the birthplace of geocaching.		2	0	sixties	female_feminine	United States English		en	
bf35656a89be5e1cff674565dbf2957250385cfde9d9bca4542c6cd6e935788443e41d4e200f71926398c380c8d38f5b244a59c4b3c34c3557a3761890bdf363	common_voice_en_41696203.mp3	f406eb4b2ad84e17f778552f5b8025a68ff11a3ccea71c10f3467b0fcd998a72	There should be room for three people on the front seat.		2	0	sixties	female_feminine	United States English		en	
bf35656a89be5e1cff674565dbf2957250385cfde9d9bca4542c6cd6e935788443e41d4e200f71926398c380c8d38f5b244a59c4b3c34c3557a3761890bdf363	common_voice_en_41696290.mp3	f40a0ec3f5f30282ccc733304f7bc77df3417be1757e64b2be1a42e8822870bf	One of the Englishmen would have done that.		2	0	sixties	female_feminine	United States English		en	
bf35656a89be5e1cff674565dbf2957250385cfde9d9bca4542c6cd6e935788443e41d4e200f71926398c380c8d38f5b244a59c4b3c34c3557a3761890bdf363	common_voice_en_41704461.mp3	f416e69cb5240e66208a206c1ee794b573bffa86370cfe29d7fef2423d0e2dec	It is the oldest continuous organization of New Orleans Mardi Gras festivities.		2	0	sixties	female_feminine	United States English		en	
bf35656a89be5e1cff674565dbf2957250385cfde9d9bca4542c6cd6e935788443e41d4e200f71926398c380c8d38f5b244a59c4b3c34c3557a3761890bdf363	common_voice_en_41704512.mp3	f4026e7c4facd18ba345f3a55426793abd1eb14579e2f6788faa371b064b40b8	Boyzone manager Louis Walsh was quoted as saying: We're all absolutely devastated.		2	0	sixties	female_feminine	United States English		en	
bf35656a89be5e1cff674565dbf2957250385cfde9d9bca4542c6cd6e935788443e41d4e200f71926398c380c8d38f5b244a59c4b3c34c3557a3761890bdf363	common_voice_en_41704522.mp3	f41423df3d7d08ee1303a3bee1daed77eff8ddfa813291c7e1bad2a8a7fb217a	The regiment's first overseas service came during the Second Opium War against China.		2	0	sixties	female_feminine	United States English		en	
bf35656a89be5e1cff674565dbf2957250385cfde9d9bca4542c6cd6e935788443e41d4e200f71926398c380c8d38f5b244a59c4b3c34c3557a3761890bdf363	common_voice_en_41704530.mp3	f41d57c44e0a47f92efa0b4b073629128a25321d3405bf207a7c5311af55173e	For a list of past DualDisc releases, see "List of DualDisc releases".		2	0	sixties	female_feminine	United States English		en	
bf35656a89be5e1cff674565dbf2957250385cfde9d9bca4542c6cd6e935788443e41d4e200f71926398c380c8d38f5b244a59c4b3c34c3557a3761890bdf363	common_voice_en_41764721.mp3	0662495f0d7b39560a9762a9401bb66a7c8fd4f833e836b9dbaedc57401380ba	You can compare it with the marketing strategies of competitors.		2	0	sixties	female_feminine	United States English		en	
bf35656a89be5e1cff674565dbf2957250385cfde9d9bca4542c6cd6e935788443e41d4e200f71926398c380c8d38f5b244a59c4b3c34c3557a3761890bdf363	common_voice_en_41764867.mp3	f43ad81b60ed9f6d17c15b8607b0e4ed17e96e79479d59f993576f9503ed21b8	Most other cities have similar problems.		2	0	sixties	female_feminine	United States English		en	
bf35656a89be5e1cff674565dbf2957250385cfde9d9bca4542c6cd6e935788443e41d4e200f71926398c380c8d38f5b244a59c4b3c34c3557a3761890bdf363	common_voice_en_41764882.mp3	f43bd27fb270fea8b932b42fe50fddaa8403689f16db227a24958a8466ced4a5	He headed many lobbies to the provincial and nation's capital.		2	0	sixties	female_feminine	United States English		en	
bf35656a89be5e1cff674565dbf2957250385cfde9d9bca4542c6cd6e935788443e41d4e200f71926398c380c8d38f5b244a59c4b3c34c3557a3761890bdf363	common_voice_en_41765127.mp3	f44951542856f68b0a69f3580f4a0a99708e59f44b2769ef00e81cbe695629ce	Behind this is Tai Mo Shan, the tallest hill in Hong Kong.		2	0	sixties	female_feminine	United States English		en	
bf35656a89be5e1cff674565dbf2957250385cfde9d9bca4542c6cd6e935788443e41d4e200f71926398c380c8d38f5b244a59c4b3c34c3557a3761890bdf363	common_voice_en_41765553.mp3	f43db65048a3f6b3b448f29fa9394f137aaf2c031866804a859a3d4196cca20b	He ran two more races the next year, suffering transmission failure in both races.		2	0	sixties	female_feminine	United States English		en	
